#CORE_CONTIG	ALN_LEN	CTG_LEN	COVERAGE
GUT_GENOME000866_1___GUT_GENOME000866	161155	161155	100.0
GUT_GENOME000866_2___GUT_GENOME000866	131515	131515	100.0
GUT_GENOME000866_3___GUT_GENOME000866	110437	120834	91.39563367926246
GUT_GENOME000866_4___GUT_GENOME000866	114444	114648	99.8220640569395
GUT_GENOME000866_5___GUT_GENOME000866	112056	112056	100.0
GUT_GENOME000866_6___GUT_GENOME000866	106872	110941	96.33228472791843
GUT_GENOME000866_7___GUT_GENOME000866	0	103524	0.0
GUT_GENOME000866_8___GUT_GENOME000866	97639	97639	100.0
GUT_GENOME000866_10___GUT_GENOME000866	92106	92755	99.30030726106409
GUT_GENOME000866_11___GUT_GENOME000866	91300	91300	100.0
GUT_GENOME000866_13___GUT_GENOME000866	77890	77900	99.98716302952502
GUT_GENOME000866_14___GUT_GENOME000866	77519	77519	100.0
GUT_GENOME000866_15___GUT_GENOME000866	66853	69656	95.97593889973585
GUT_GENOME000866_16___GUT_GENOME000866	57781	57781	100.0
GUT_GENOME000866_17___GUT_GENOME000866	54759	54759	100.0
GUT_GENOME000866_18___GUT_GENOME000866	52849	52849	100.0
GUT_GENOME000866_19___GUT_GENOME000866	41746	41746	100.0
GUT_GENOME000866_21___GUT_GENOME000866	0	40949	0.0
GUT_GENOME000866_22___GUT_GENOME000866	83	38308	0.21666492638613344
GUT_GENOME000866_23___GUT_GENOME000866	33524	33524	100.0
GUT_GENOME000866_24___GUT_GENOME000866	31466	31466	100.0
GUT_GENOME000866_27___GUT_GENOME000866	27939	28129	99.32454050979416
GUT_GENOME000866_28___GUT_GENOME000866	26769	26769	100.0
GUT_GENOME000866_29___GUT_GENOME000866	24070	24070	100.0
GUT_GENOME000866_30___GUT_GENOME000866	21807	21857	99.77124033490415
GUT_GENOME000866_31___GUT_GENOME000866	19615	19615	100.0
GUT_GENOME000866_32___GUT_GENOME000866	0	18881	0.0
GUT_GENOME000866_33___GUT_GENOME000866	18800	18800	100.0
GUT_GENOME000866_35___GUT_GENOME000866	16087	16087	100.0
GUT_GENOME000866_36___GUT_GENOME000866	15454	15822	97.67412463658196
GUT_GENOME000866_37___GUT_GENOME000866	13492	13492	100.0
GUT_GENOME000866_39___GUT_GENOME000866	9923	11210	88.51917930419269
GUT_GENOME000866_40___GUT_GENOME000866	10973	10973	100.0
GUT_GENOME000866_42___GUT_GENOME000866	0	9739	0.0
GUT_GENOME000866_43___GUT_GENOME000866	9636	9636	100.0
GUT_GENOME000866_45___GUT_GENOME000866	9252	9252	100.0
GUT_GENOME000866_48___GUT_GENOME000866	0	8339	0.0
GUT_GENOME000866_50___GUT_GENOME000866	7998	8048	99.37872763419483
GUT_GENOME000866_54___GUT_GENOME000866	5090	5192	98.03543913713405
GUT_GENOME016058_1___GUT_GENOME016058	444619	444619	100.0
GUT_GENOME016058_2___GUT_GENOME016058	216468	216672	99.90584847142225
GUT_GENOME016058_3___GUT_GENOME016058	187144	187144	100.0
GUT_GENOME016058_4___GUT_GENOME016058	145491	145716	99.84559005188174
GUT_GENOME016058_5___GUT_GENOME016058	113925	116381	97.88968989783555
GUT_GENOME016058_6___GUT_GENOME016058	108820	114036	95.42600582272264
GUT_GENOME016058_7___GUT_GENOME016058	76865	87723	87.62240233462147
GUT_GENOME016058_8___GUT_GENOME016058	81595	81595	100.0
GUT_GENOME016058_9___GUT_GENOME016058	67758	74598	90.8308533740851
GUT_GENOME016058_10___GUT_GENOME016058	57864	57864	100.0
GUT_GENOME016058_11___GUT_GENOME016058	48412	48412	100.0
GUT_GENOME016058_12___GUT_GENOME016058	48035	48093	99.87940032853014
GUT_GENOME016058_13___GUT_GENOME016058	42898	42898	100.0
GUT_GENOME016058_14___GUT_GENOME016058	34785	34785	100.0
GUT_GENOME016058_15___GUT_GENOME016058	19994	19994	100.0
GUT_GENOME025370_1___GUT_GENOME025370	150299	150299	100.0
GUT_GENOME025370_2___GUT_GENOME025370	112708	112708	100.0
GUT_GENOME025370_3___GUT_GENOME025370	89064	95344	93.41332438328578
GUT_GENOME025370_4___GUT_GENOME025370	87572	87682	99.87454665723867
GUT_GENOME025370_5___GUT_GENOME025370	76496	76598	99.8668372542364
GUT_GENOME025370_6___GUT_GENOME025370	66809	66833	99.96408959645684
GUT_GENOME025370_7___GUT_GENOME025370	64577	64577	100.0
GUT_GENOME025370_8___GUT_GENOME025370	57787	57787	100.0
GUT_GENOME025370_9___GUT_GENOME025370	51697	53547	96.54509122826676
GUT_GENOME025370_10___GUT_GENOME025370	51977	51977	100.0
GUT_GENOME025370_11___GUT_GENOME025370	47370	47370	100.0
GUT_GENOME025370_12___GUT_GENOME025370	43122	43179	99.8679913847009
GUT_GENOME025370_13___GUT_GENOME025370	41959	42017	99.86196063498109
GUT_GENOME025370_14___GUT_GENOME025370	41663	41718	99.86816242389376
GUT_GENOME025370_15___GUT_GENOME025370	41557	41611	99.87022662276802
GUT_GENOME025370_17___GUT_GENOME025370	165	37544	0.4394843383763052
GUT_GENOME025370_18___GUT_GENOME025370	35651	35651	100.0
GUT_GENOME025370_19___GUT_GENOME025370	34584	34584	100.0
GUT_GENOME025370_20___GUT_GENOME025370	33354	33354	100.0
GUT_GENOME025370_21___GUT_GENOME025370	33113	33280	99.49819711538461
GUT_GENOME025370_22___GUT_GENOME025370	32798	32950	99.53869499241274
GUT_GENOME025370_23___GUT_GENOME025370	27270	27270	100.0
GUT_GENOME025370_24___GUT_GENOME025370	26233	26263	99.88577085633781
GUT_GENOME025370_25___GUT_GENOME025370	0	26102	0.0
GUT_GENOME025370_26___GUT_GENOME025370	0	25973	0.0
GUT_GENOME025370_27___GUT_GENOME025370	25572	25626	99.7892765160384
GUT_GENOME025370_29___GUT_GENOME025370	24808	24808	100.0
GUT_GENOME025370_30___GUT_GENOME025370	17912	24798	72.2316315831922
GUT_GENOME025370_31___GUT_GENOME025370	14208	24657	57.62258182260616
GUT_GENOME025370_33___GUT_GENOME025370	23287	23393	99.54687299619545
GUT_GENOME025370_35___GUT_GENOME025370	22149	22149	100.0
GUT_GENOME025370_38___GUT_GENOME025370	21136	21136	100.0
GUT_GENOME025370_39___GUT_GENOME025370	0	21102	0.0
GUT_GENOME025370_40___GUT_GENOME025370	18608	18615	99.96239591727102
GUT_GENOME025370_41___GUT_GENOME025370	0	18115	0.0
GUT_GENOME025370_42___GUT_GENOME025370	17192	17192	100.0
GUT_GENOME025370_43___GUT_GENOME025370	16984	16984	100.0
GUT_GENOME025370_44___GUT_GENOME025370	16642	16697	99.67059950889382
GUT_GENOME025370_45___GUT_GENOME025370	15943	15943	100.0
GUT_GENOME025370_46___GUT_GENOME025370	15614	15669	99.64898844852894
GUT_GENOME025370_48___GUT_GENOME025370	15302	15359	99.62888208867766
GUT_GENOME025370_49___GUT_GENOME025370	0	15332	0.0
GUT_GENOME025370_50___GUT_GENOME025370	14801	14828	99.81791205826815
GUT_GENOME025370_51___GUT_GENOME025370	14718	14718	100.0
GUT_GENOME025370_53___GUT_GENOME025370	14263	14263	100.0
GUT_GENOME025370_55___GUT_GENOME025370	13648	13825	98.71971066907776
GUT_GENOME025370_56___GUT_GENOME025370	13786	13786	100.0
GUT_GENOME025370_57___GUT_GENOME025370	13456	13456	100.0
GUT_GENOME025370_61___GUT_GENOME025370	11635	11690	99.5295124037639
GUT_GENOME025370_62___GUT_GENOME025370	11473	11473	100.0
GUT_GENOME025370_63___GUT_GENOME025370	10920	10973	99.516996263556
GUT_GENOME025370_64___GUT_GENOME025370	0	10674	0.0
GUT_GENOME025370_65___GUT_GENOME025370	10258	10308	99.51493985254172
GUT_GENOME025370_66___GUT_GENOME025370	10205	10258	99.483330083837
GUT_GENOME025370_67___GUT_GENOME025370	0	10081	0.0
GUT_GENOME025370_68___GUT_GENOME025370	9970	10023	99.47121620273371
GUT_GENOME025370_69___GUT_GENOME025370	87	9595	0.9067222511724857
GUT_GENOME025370_70___GUT_GENOME025370	9038	9038	100.0
GUT_GENOME025370_71___GUT_GENOME025370	9020	9020	100.0
GUT_GENOME025370_72___GUT_GENOME025370	8767	8822	99.37655860349128
GUT_GENOME025370_73___GUT_GENOME025370	0	7992	0.0
GUT_GENOME025370_76___GUT_GENOME025370	7195	7195	100.0
GUT_GENOME025370_77___GUT_GENOME025370	0	7166	0.0
GUT_GENOME025370_79___GUT_GENOME025370	6605	6605	100.0
GUT_GENOME025370_80___GUT_GENOME025370	6447	6499	99.19987690413909
GUT_GENOME025370_85___GUT_GENOME025370	5770	5770	100.0
GUT_GENOME025370_86___GUT_GENOME025370	92	5411	1.7002402513398633
GUT_GENOME033606_1___GUT_GENOME033606	66558	66727	99.74672921006488
GUT_GENOME033606_2___GUT_GENOME033606	55372	55403	99.94404635128062
GUT_GENOME033606_3___GUT_GENOME033606	51275	51275	100.0
GUT_GENOME033606_4___GUT_GENOME033606	47115	47118	99.99363300649433
GUT_GENOME033606_5___GUT_GENOME033606	46772	46827	99.8825463941743
GUT_GENOME033606_6___GUT_GENOME033606	35013	35013	100.0
GUT_GENOME033606_7___GUT_GENOME033606	34774	34774	100.0
GUT_GENOME033606_8___GUT_GENOME033606	34597	34603	99.98266046296564
GUT_GENOME033606_9___GUT_GENOME033606	32677	34062	95.93388526804063
GUT_GENOME033606_10___GUT_GENOME033606	33666	33666	100.0
GUT_GENOME033606_11___GUT_GENOME033606	32980	32980	100.0
GUT_GENOME033606_12___GUT_GENOME033606	32184	32184	100.0
GUT_GENOME033606_13___GUT_GENOME033606	31768	31894	99.60494136828244
GUT_GENOME033606_14___GUT_GENOME033606	29348	29348	100.0
GUT_GENOME033606_15___GUT_GENOME033606	29328	29328	100.0
GUT_GENOME033606_16___GUT_GENOME033606	28652	28652	100.0
GUT_GENOME033606_17___GUT_GENOME033606	26491	28615	92.57731958762886
GUT_GENOME033606_18___GUT_GENOME033606	28156	28156	100.0
GUT_GENOME033606_19___GUT_GENOME033606	27111	27146	99.87106756059825
GUT_GENOME033606_20___GUT_GENOME033606	27010	27061	99.81153689811907
GUT_GENOME033606_21___GUT_GENOME033606	26870	26923	99.80314229469226
GUT_GENOME033606_22___GUT_GENOME033606	25455	25887	98.33120871479893
GUT_GENOME033606_23___GUT_GENOME033606	25300	25300	100.0
GUT_GENOME033606_24___GUT_GENOME033606	24597	24597	100.0
GUT_GENOME033606_25___GUT_GENOME033606	24585	24585	100.0
GUT_GENOME033606_27___GUT_GENOME033606	20456	21307	96.00600741540339
GUT_GENOME033606_29___GUT_GENOME033606	18619	20957	88.84382306627857
GUT_GENOME033606_30___GUT_GENOME033606	20513	20753	98.84354069291187
GUT_GENOME033606_31___GUT_GENOME033606	16466	17537	93.89291212864231
GUT_GENOME033606_32___GUT_GENOME033606	13143	17393	75.56488242396367
GUT_GENOME033606_33___GUT_GENOME033606	17052	17052	100.0
GUT_GENOME033606_34___GUT_GENOME033606	16806	16806	100.0
GUT_GENOME033606_35___GUT_GENOME033606	16390	16446	99.65949166970692
GUT_GENOME033606_36___GUT_GENOME033606	16224	16377	99.06576296024913
GUT_GENOME033606_37___GUT_GENOME033606	16205	16259	99.6678762531521
GUT_GENOME033606_38___GUT_GENOME033606	15778	15778	100.0
GUT_GENOME033606_39___GUT_GENOME033606	15158	15269	99.27303687209378
GUT_GENOME033606_41___GUT_GENOME033606	14156	14156	100.0
GUT_GENOME033606_42___GUT_GENOME033606	13939	13994	99.60697441760755
GUT_GENOME033606_43___GUT_GENOME033606	13793	13793	100.0
GUT_GENOME033606_44___GUT_GENOME033606	12906	12906	100.0
GUT_GENOME033606_45___GUT_GENOME033606	12885	12885	100.0
GUT_GENOME033606_46___GUT_GENOME033606	0	12826	0.0
GUT_GENOME033606_47___GUT_GENOME033606	12638	12638	100.0
GUT_GENOME033606_48___GUT_GENOME033606	12546	12546	100.0
GUT_GENOME033606_49___GUT_GENOME033606	12113	12113	100.0
GUT_GENOME033606_50___GUT_GENOME033606	11928	11928	100.0
GUT_GENOME033606_51___GUT_GENOME033606	0	11901	0.0
GUT_GENOME033606_53___GUT_GENOME033606	11763	11763	100.0
GUT_GENOME033606_54___GUT_GENOME033606	11757	11757	100.0
GUT_GENOME033606_55___GUT_GENOME033606	11446	11545	99.1424859246427
GUT_GENOME033606_56___GUT_GENOME033606	11495	11495	100.0
GUT_GENOME033606_57___GUT_GENOME033606	11399	11399	100.0
GUT_GENOME033606_58___GUT_GENOME033606	0	11213	0.0
GUT_GENOME033606_59___GUT_GENOME033606	11039	11039	100.0
GUT_GENOME033606_60___GUT_GENOME033606	11006	11006	100.0
GUT_GENOME033606_61___GUT_GENOME033606	11000	11000	100.0
GUT_GENOME033606_63___GUT_GENOME033606	10213	10268	99.46435527853525
GUT_GENOME033606_65___GUT_GENOME033606	10179	10179	100.0
GUT_GENOME033606_66___GUT_GENOME033606	0	10003	0.0
GUT_GENOME033606_68___GUT_GENOME033606	9744	9744	100.0
GUT_GENOME033606_69___GUT_GENOME033606	9706	9706	100.0
GUT_GENOME033606_70___GUT_GENOME033606	9554	9580	99.72860125260961
GUT_GENOME033606_71___GUT_GENOME033606	0	9404	0.0
GUT_GENOME033606_72___GUT_GENOME033606	9343	9343	100.0
GUT_GENOME033606_73___GUT_GENOME033606	9277	9277	100.0
GUT_GENOME033606_74___GUT_GENOME033606	9073	9073	100.0
GUT_GENOME033606_75___GUT_GENOME033606	9019	9019	100.0
GUT_GENOME033606_77___GUT_GENOME033606	8776	8778	99.97721576668945
GUT_GENOME033606_78___GUT_GENOME033606	8772	8772	100.0
GUT_GENOME033606_79___GUT_GENOME033606	8656	8656	100.0
GUT_GENOME033606_80___GUT_GENOME033606	8593	8593	100.0
GUT_GENOME033606_83___GUT_GENOME033606	8226	8506	96.70820597225487
GUT_GENOME033606_84___GUT_GENOME033606	8490	8490	100.0
GUT_GENOME033606_86___GUT_GENOME033606	2123	8354	25.412975819966483
GUT_GENOME033606_87___GUT_GENOME033606	8291	8291	100.0
GUT_GENOME033606_88___GUT_GENOME033606	0	8261	0.0
GUT_GENOME033606_90___GUT_GENOME033606	8220	8220	100.0
GUT_GENOME033606_92___GUT_GENOME033606	0	8024	0.0
GUT_GENOME033606_93___GUT_GENOME033606	7886	7886	100.0
GUT_GENOME033606_94___GUT_GENOME033606	7677	7827	98.08355691835953
GUT_GENOME033606_95___GUT_GENOME033606	7792	7792	100.0
GUT_GENOME033606_96___GUT_GENOME033606	7688	7688	100.0
GUT_GENOME033606_98___GUT_GENOME033606	0	7585	0.0
GUT_GENOME033606_99___GUT_GENOME033606	7531	7531	100.0
GUT_GENOME033606_100___GUT_GENOME033606	7519	7519	100.0
GUT_GENOME033606_101___GUT_GENOME033606	7464	7464	100.0
GUT_GENOME033606_102___GUT_GENOME033606	7382	7382	100.0
GUT_GENOME033606_103___GUT_GENOME033606	0	7308	0.0
GUT_GENOME033606_104___GUT_GENOME033606	7196	7196	100.0
GUT_GENOME033606_106___GUT_GENOME033606	7111	7111	100.0
GUT_GENOME033606_109___GUT_GENOME033606	6882	6882	100.0
GUT_GENOME033606_110___GUT_GENOME033606	6881	6881	100.0
GUT_GENOME033606_111___GUT_GENOME033606	6548	6548	100.0
GUT_GENOME033606_112___GUT_GENOME033606	6519	6519	100.0
GUT_GENOME033606_113___GUT_GENOME033606	6298	6298	100.0
GUT_GENOME033606_115___GUT_GENOME033606	0	6234	0.0
GUT_GENOME033606_116___GUT_GENOME033606	0	5966	0.0
GUT_GENOME033606_117___GUT_GENOME033606	5727	5727	100.0
GUT_GENOME033606_122___GUT_GENOME033606	0	5279	0.0
GUT_GENOME033606_123___GUT_GENOME033606	5087	5087	100.0
GUT_GENOME036663_1___GUT_GENOME036663	291070	292841	99.39523495685371
GUT_GENOME036663_2___GUT_GENOME036663	263935	264156	99.91633731582853
GUT_GENOME036663_3___GUT_GENOME036663	190352	197620	96.32223459164052
GUT_GENOME036663_4___GUT_GENOME036663	119238	119238	100.0
GUT_GENOME036663_5___GUT_GENOME036663	91312	92731	98.46976739170287
GUT_GENOME036663_6___GUT_GENOME036663	90599	92265	98.19433154500624
GUT_GENOME036663_7___GUT_GENOME036663	0	81617	0.0
GUT_GENOME036663_9___GUT_GENOME036663	0	68088	0.0
GUT_GENOME036663_10___GUT_GENOME036663	65951	66006	99.9166742417356
GUT_GENOME036663_11___GUT_GENOME036663	0	65631	0.0
GUT_GENOME036663_13___GUT_GENOME036663	58632	58632	100.0
GUT_GENOME036663_14___GUT_GENOME036663	57849	57849	100.0
GUT_GENOME036663_15___GUT_GENOME036663	0	52753	0.0
GUT_GENOME036663_16___GUT_GENOME036663	51602	51713	99.78535377951385
GUT_GENOME036663_18___GUT_GENOME036663	45945	48405	94.91788038425783
GUT_GENOME036663_19___GUT_GENOME036663	0	46298	0.0
GUT_GENOME036663_20___GUT_GENOME036663	45506	45534	99.9385074889094
GUT_GENOME036663_21___GUT_GENOME036663	44918	44973	99.87770440041803
GUT_GENOME036663_22___GUT_GENOME036663	44704	44758	99.87935117744314
GUT_GENOME036663_23___GUT_GENOME036663	34983	34983	100.0
GUT_GENOME036663_24___GUT_GENOME036663	27723	30649	90.45319586283402
GUT_GENOME036663_25___GUT_GENOME036663	0	30329	0.0
GUT_GENOME036663_26___GUT_GENOME036663	22892	29242	78.28465905204843
GUT_GENOME036663_30___GUT_GENOME036663	23103	23157	99.76680917217257
GUT_GENOME036663_31___GUT_GENOME036663	21870	21978	99.5085995085995
GUT_GENOME036663_32___GUT_GENOME036663	19994	19994	100.0
GUT_GENOME036663_33___GUT_GENOME036663	0	17645	0.0
GUT_GENOME036663_36___GUT_GENOME036663	16468	16575	99.35444947209653
GUT_GENOME036663_37___GUT_GENOME036663	14772	16091	91.80287117021938
GUT_GENOME036663_38___GUT_GENOME036663	15712	15765	99.66381224230891
GUT_GENOME036663_40___GUT_GENOME036663	14385	14491	99.26851148989027
GUT_GENOME036663_41___GUT_GENOME036663	13352	14009	95.31015775572847
GUT_GENOME036663_43___GUT_GENOME036663	12147	12199	99.57373555209443
GUT_GENOME036663_44___GUT_GENOME036663	9528	9787	97.3536323694697
GUT_GENOME046547_1___GUT_GENOME046547	205699	229076	89.79508983918001
GUT_GENOME046547_2___GUT_GENOME046547	112717	114024	98.85375008770083
GUT_GENOME046547_3___GUT_GENOME046547	109487	109542	99.94979094776433
GUT_GENOME046547_4___GUT_GENOME046547	97435	97493	99.94050854933175
GUT_GENOME046547_5___GUT_GENOME046547	0	88582	0.0
GUT_GENOME046547_6___GUT_GENOME046547	75296	77130	97.62219629197459
GUT_GENOME046547_7___GUT_GENOME046547	71691	71746	99.92334067404455
GUT_GENOME046547_8___GUT_GENOME046547	71199	71199	100.0
GUT_GENOME046547_9___GUT_GENOME046547	69402	69433	99.95535264211543
GUT_GENOME046547_10___GUT_GENOME046547	61697	67949	90.79898158913302
GUT_GENOME046547_12___GUT_GENOME046547	61355	64517	95.09896616395679
GUT_GENOME046547_13___GUT_GENOME046547	60627	61347	98.82634847669813
GUT_GENOME046547_14___GUT_GENOME046547	55347	55347	100.0
GUT_GENOME046547_15___GUT_GENOME046547	54872	55052	99.67303640194724
GUT_GENOME046547_16___GUT_GENOME046547	51908	52012	99.80004614319772
GUT_GENOME046547_17___GUT_GENOME046547	51040	51145	99.79470133932936
GUT_GENOME046547_18___GUT_GENOME046547	46570	46570	100.0
GUT_GENOME046547_19___GUT_GENOME046547	41806	41837	99.92590290890838
GUT_GENOME046547_20___GUT_GENOME046547	33517	36462	91.92309801985628
GUT_GENOME046547_21___GUT_GENOME046547	36191	36243	99.85652401843114
GUT_GENOME046547_22___GUT_GENOME046547	34974	34974	100.0
GUT_GENOME046547_23___GUT_GENOME046547	33574	33625	99.84832713754646
GUT_GENOME046547_24___GUT_GENOME046547	33524	33578	99.8391804157484
GUT_GENOME046547_25___GUT_GENOME046547	31348	31348	100.0
GUT_GENOME046547_27___GUT_GENOME046547	28962	29016	99.81389578163771
GUT_GENOME046547_28___GUT_GENOME046547	0	25956	0.0
GUT_GENOME046547_29___GUT_GENOME046547	25183	25212	99.88497540853561
GUT_GENOME046547_30___GUT_GENOME046547	23642	23836	99.18610505118308
GUT_GENOME046547_31___GUT_GENOME046547	22366	23761	94.12903497327554
GUT_GENOME046547_32___GUT_GENOME046547	22339	23274	95.9826415742889
GUT_GENOME046547_33___GUT_GENOME046547	0	22800	0.0
GUT_GENOME046547_35___GUT_GENOME046547	22115	22156	99.81494854666907
GUT_GENOME046547_36___GUT_GENOME046547	0	21883	0.0
GUT_GENOME046547_37___GUT_GENOME046547	0	21880	0.0
GUT_GENOME046547_40___GUT_GENOME046547	20738	20738	100.0
GUT_GENOME046547_41___GUT_GENOME046547	20472	20472	100.0
GUT_GENOME046547_42___GUT_GENOME046547	0	17923	0.0
GUT_GENOME046547_43___GUT_GENOME046547	13740	17669	77.76331427924613
GUT_GENOME046547_45___GUT_GENOME046547	0	15423	0.0
GUT_GENOME046547_46___GUT_GENOME046547	0	15352	0.0
GUT_GENOME046547_47___GUT_GENOME046547	13477	14109	95.52058969452123
GUT_GENOME046547_48___GUT_GENOME046547	0	12383	0.0
GUT_GENOME046547_52___GUT_GENOME046547	11568	11620	99.55249569707401
GUT_GENOME046547_53___GUT_GENOME046547	9845	9845	100.0
GUT_GENOME046547_62___GUT_GENOME046547	84	5932	1.416048550236008
GUT_GENOME046547_66___GUT_GENOME046547	5081	5135	98.94839337877312
GUT_GENOME047285_1___GUT_GENOME047285	165490	165545	99.96677640520704
GUT_GENOME047285_2___GUT_GENOME047285	153582	153582	100.0
GUT_GENOME047285_3___GUT_GENOME047285	131522	131522	100.0
GUT_GENOME047285_4___GUT_GENOME047285	107698	107698	100.0
GUT_GENOME047285_5___GUT_GENOME047285	105610	105610	100.0
GUT_GENOME047285_6___GUT_GENOME047285	97454	97454	100.0
GUT_GENOME047285_7___GUT_GENOME047285	92968	97241	95.60576300120319
GUT_GENOME047285_8___GUT_GENOME047285	83939	83941	99.997617374108
GUT_GENOME047285_9___GUT_GENOME047285	0	74545	0.0
GUT_GENOME047285_10___GUT_GENOME047285	74372	74372	100.0
GUT_GENOME047285_11___GUT_GENOME047285	72413	72413	100.0
GUT_GENOME047285_12___GUT_GENOME047285	65790	65840	99.92405832320777
GUT_GENOME047285_13___GUT_GENOME047285	55714	55714	100.0
GUT_GENOME047285_14___GUT_GENOME047285	54640	54640	100.0
GUT_GENOME047285_16___GUT_GENOME047285	43363	43363	100.0
GUT_GENOME047285_17___GUT_GENOME047285	0	41542	0.0
GUT_GENOME047285_18___GUT_GENOME047285	39882	39934	99.86978514549006
GUT_GENOME047285_20___GUT_GENOME047285	34223	34223	100.0
GUT_GENOME047285_21___GUT_GENOME047285	33536	33536	100.0
GUT_GENOME047285_22___GUT_GENOME047285	31474	31474	100.0
GUT_GENOME047285_23___GUT_GENOME047285	30988	30988	100.0
GUT_GENOME047285_24___GUT_GENOME047285	29411	29411	100.0
GUT_GENOME047285_26___GUT_GENOME047285	26488	28418	93.20852980505313
GUT_GENOME047285_31___GUT_GENOME047285	24075	24075	100.0
GUT_GENOME047285_32___GUT_GENOME047285	0	23488	0.0
GUT_GENOME047285_33___GUT_GENOME047285	15655	23270	67.27546196819941
GUT_GENOME047285_34___GUT_GENOME047285	23113	23167	99.76690982863556
GUT_GENOME047285_35___GUT_GENOME047285	22271	22271	100.0
GUT_GENOME047285_36___GUT_GENOME047285	20566	20619	99.74295552645617
GUT_GENOME047285_37___GUT_GENOME047285	19991	19991	100.0
GUT_GENOME047285_38___GUT_GENOME047285	19618	19618	100.0
GUT_GENOME047285_39___GUT_GENOME047285	0	18398	0.0
GUT_GENOME047285_41___GUT_GENOME047285	17515	17624	99.38152519291876
GUT_GENOME047285_43___GUT_GENOME047285	16350	16402	99.68296549201317
GUT_GENOME047285_47___GUT_GENOME047285	0	14839	0.0
GUT_GENOME047285_50___GUT_GENOME047285	0	13377	0.0
GUT_GENOME047285_52___GUT_GENOME047285	10930	11005	99.31849159472966
GUT_GENOME047285_53___GUT_GENOME047285	9640	9640	100.0
GUT_GENOME047285_54___GUT_GENOME047285	9012	9065	99.415333701048
GUT_GENOME047285_59___GUT_GENOME047285	6908	6908	100.0
GUT_GENOME082911_2___GUT_GENOME082911	25363	25363	100.0
GUT_GENOME082911_3___GUT_GENOME082911	7791	7791	100.0
GUT_GENOME082911_5___GUT_GENOME082911	26890	26890	100.0
GUT_GENOME082911_7___GUT_GENOME082911	15002	15002	100.0
GUT_GENOME082911_10___GUT_GENOME082911	6018	6018	100.0
GUT_GENOME082911_12___GUT_GENOME082911	24462	24462	100.0
GUT_GENOME082911_14___GUT_GENOME082911	5288	5288	100.0
GUT_GENOME082911_21___GUT_GENOME082911	7472	7472	100.0
GUT_GENOME082911_22___GUT_GENOME082911	15111	15114	99.9801508535133
GUT_GENOME082911_25___GUT_GENOME082911	6363	6363	100.0
GUT_GENOME082911_27___GUT_GENOME082911	69485	69485	100.0
GUT_GENOME082911_28___GUT_GENOME082911	12590	12590	100.0
GUT_GENOME082911_33___GUT_GENOME082911	0	5599	0.0
GUT_GENOME082911_36___GUT_GENOME082911	10693	10693	100.0
GUT_GENOME082911_42___GUT_GENOME082911	0	5894	0.0
GUT_GENOME082911_45___GUT_GENOME082911	9739	9739	100.0
GUT_GENOME082911_46___GUT_GENOME082911	8105	8105	100.0
GUT_GENOME082911_48___GUT_GENOME082911	59851	59892	99.93154344486743
GUT_GENOME082911_51___GUT_GENOME082911	63094	63094	100.0
GUT_GENOME082911_52___GUT_GENOME082911	10685	10685	100.0
GUT_GENOME082911_57___GUT_GENOME082911	13762	13762	100.0
GUT_GENOME082911_58___GUT_GENOME082911	9826	9826	100.0
GUT_GENOME082911_62___GUT_GENOME082911	5584	5584	100.0
GUT_GENOME082911_64___GUT_GENOME082911	14526	14526	100.0
GUT_GENOME082911_71___GUT_GENOME082911	0	9234	0.0
GUT_GENOME082911_75___GUT_GENOME082911	8027	8027	100.0
GUT_GENOME082911_76___GUT_GENOME082911	8151	8151	100.0
GUT_GENOME082911_77___GUT_GENOME082911	9223	9223	100.0
GUT_GENOME082911_80___GUT_GENOME082911	0	7293	0.0
GUT_GENOME082911_83___GUT_GENOME082911	7011	7011	100.0
GUT_GENOME082911_85___GUT_GENOME082911	6229	6229	100.0
GUT_GENOME082911_89___GUT_GENOME082911	14442	14442	100.0
GUT_GENOME082911_90___GUT_GENOME082911	10635	10635	100.0
GUT_GENOME082911_92___GUT_GENOME082911	5782	5782	100.0
GUT_GENOME082911_94___GUT_GENOME082911	9156	9156	100.0
GUT_GENOME082911_95___GUT_GENOME082911	6261	6261	100.0
GUT_GENOME082911_98___GUT_GENOME082911	12094	12094	100.0
GUT_GENOME082911_99___GUT_GENOME082911	15076	16544	91.12669245647969
GUT_GENOME082911_104___GUT_GENOME082911	8793	8793	100.0
GUT_GENOME082911_113___GUT_GENOME082911	0	9086	0.0
GUT_GENOME082911_115___GUT_GENOME082911	7482	7482	100.0
GUT_GENOME082911_118___GUT_GENOME082911	10864	10864	100.0
GUT_GENOME082911_128___GUT_GENOME082911	78400	78400	100.0
GUT_GENOME082911_129___GUT_GENOME082911	44926	44926	100.0
GUT_GENOME082911_134___GUT_GENOME082911	7538	7592	99.28872497365649
GUT_GENOME082911_138___GUT_GENOME082911	21858	21858	100.0
GUT_GENOME082911_141___GUT_GENOME082911	14581	14581	100.0
GUT_GENOME082911_154___GUT_GENOME082911	5508	5508	100.0
GUT_GENOME082911_155___GUT_GENOME082911	16519	16519	100.0
GUT_GENOME082911_159___GUT_GENOME082911	293	8569	3.419302135605088
GUT_GENOME082911_162___GUT_GENOME082911	9493	9493	100.0
GUT_GENOME082911_163___GUT_GENOME082911	5953	5953	100.0
GUT_GENOME082911_165___GUT_GENOME082911	11722	11722	100.0
GUT_GENOME082911_166___GUT_GENOME082911	10386	10386	100.0
GUT_GENOME082911_168___GUT_GENOME082911	23283	23283	100.0
GUT_GENOME082911_171___GUT_GENOME082911	10214	10214	100.0
GUT_GENOME082911_180___GUT_GENOME082911	9929	9929	100.0
GUT_GENOME082911_182___GUT_GENOME082911	19763	19763	100.0
GUT_GENOME082911_183___GUT_GENOME082911	11317	11317	100.0
GUT_GENOME082911_185___GUT_GENOME082911	8264	8715	94.82501434308664
GUT_GENOME082911_188___GUT_GENOME082911	8868	8868	100.0
GUT_GENOME082911_192___GUT_GENOME082911	0	5548	0.0
GUT_GENOME082911_197___GUT_GENOME082911	17174	18637	92.15002414551698
GUT_GENOME082911_201___GUT_GENOME082911	0	5762	0.0
GUT_GENOME082911_202___GUT_GENOME082911	7018	7018	100.0
GUT_GENOME082911_203___GUT_GENOME082911	0	5505	0.0
GUT_GENOME082911_204___GUT_GENOME082911	11373	11373	100.0
GUT_GENOME082911_211___GUT_GENOME082911	10265	10265	100.0
GUT_GENOME082911_214___GUT_GENOME082911	25036	25036	100.0
GUT_GENOME082911_215___GUT_GENOME082911	8511	8631	98.60966284323949
GUT_GENOME082911_218___GUT_GENOME082911	5294	5294	100.0
GUT_GENOME082911_219___GUT_GENOME082911	15040	15040	100.0
GUT_GENOME082911_222___GUT_GENOME082911	0	7111	0.0
GUT_GENOME082911_223___GUT_GENOME082911	12837	12837	100.0
GUT_GENOME082911_227___GUT_GENOME082911	7484	7484	100.0
GUT_GENOME082911_230___GUT_GENOME082911	19135	19135	100.0
GUT_GENOME082911_231___GUT_GENOME082911	8544	8546	99.97659723847414
GUT_GENOME082911_232___GUT_GENOME082911	8719	8719	100.0
GUT_GENOME082911_233___GUT_GENOME082911	15682	22523	69.62660391599698
GUT_GENOME082911_238___GUT_GENOME082911	5092	5092	100.0
GUT_GENOME082911_241___GUT_GENOME082911	44888	44888	100.0
GUT_GENOME082911_245___GUT_GENOME082911	0	6785	0.0
GUT_GENOME082911_249___GUT_GENOME082911	13419	13419	100.0
GUT_GENOME082911_251___GUT_GENOME082911	18496	20426	90.55125820033291
GUT_GENOME082911_252___GUT_GENOME082911	12237	12237	100.0
GUT_GENOME082911_253___GUT_GENOME082911	5857	5857	100.0
GUT_GENOME082911_258___GUT_GENOME082911	0	6481	0.0
GUT_GENOME082911_260___GUT_GENOME082911	23503	23503	100.0
GUT_GENOME082911_261___GUT_GENOME082911	15008	15008	100.0
GUT_GENOME082911_262___GUT_GENOME082911	12872	12872	100.0
GUT_GENOME082911_271___GUT_GENOME082911	11192	11192	100.0
GUT_GENOME082911_280___GUT_GENOME082911	9123	9123	100.0
GUT_GENOME082911_281___GUT_GENOME082911	5520	5520	100.0
GUT_GENOME082911_285___GUT_GENOME082911	32421	32421	100.0
GUT_GENOME082911_288___GUT_GENOME082911	17898	17907	99.94974032501257
GUT_GENOME082911_291___GUT_GENOME082911	14710	14710	100.0
GUT_GENOME082911_292___GUT_GENOME082911	8052	8055	99.96275605214151
GUT_GENOME082911_294___GUT_GENOME082911	18557	18557	100.0
GUT_GENOME082911_296___GUT_GENOME082911	24046	24046	100.0
GUT_GENOME082911_299___GUT_GENOME082911	13352	13352	100.0
GUT_GENOME082911_301___GUT_GENOME082911	0	6620	0.0
GUT_GENOME082911_306___GUT_GENOME082911	5348	5348	100.0
GUT_GENOME082911_313___GUT_GENOME082911	5476	5476	100.0
GUT_GENOME082911_314___GUT_GENOME082911	9100	9100	100.0
GUT_GENOME082911_320___GUT_GENOME082911	10200	10200	100.0
GUT_GENOME082911_321___GUT_GENOME082911	8527	8527	100.0
GUT_GENOME082911_322___GUT_GENOME082911	10897	10897	100.0
GUT_GENOME082911_323___GUT_GENOME082911	22868	22868	100.0
GUT_GENOME082911_325___GUT_GENOME082911	10497	10497	100.0
GUT_GENOME082911_328___GUT_GENOME082911	5930	5930	100.0
GUT_GENOME082911_329___GUT_GENOME082911	17809	17809	100.0
GUT_GENOME082911_331___GUT_GENOME082911	6215	6215	100.0
GUT_GENOME082911_334___GUT_GENOME082911	14065	14065	100.0
GUT_GENOME082911_335___GUT_GENOME082911	8704	8704	100.0
GUT_GENOME099474_1___GUT_GENOME099474	206460	208102	99.21096385426378
GUT_GENOME099474_2___GUT_GENOME099474	82214	82214	100.0
GUT_GENOME099474_3___GUT_GENOME099474	73054	73054	100.0
GUT_GENOME099474_4___GUT_GENOME099474	69214	69220	99.99133198497545
GUT_GENOME099474_6___GUT_GENOME099474	64572	64635	99.90252958923183
GUT_GENOME099474_7___GUT_GENOME099474	62614	62614	100.0
GUT_GENOME099474_8___GUT_GENOME099474	61746	61746	100.0
GUT_GENOME099474_9___GUT_GENOME099474	57926	57926	100.0
GUT_GENOME099474_10___GUT_GENOME099474	49440	49495	99.88887766441054
GUT_GENOME099474_11___GUT_GENOME099474	47116	47255	99.7058512326738
GUT_GENOME099474_12___GUT_GENOME099474	42757	42812	99.87153134635149
GUT_GENOME099474_13___GUT_GENOME099474	40543	40583	99.90143656210728
GUT_GENOME099474_14___GUT_GENOME099474	36655	36661	99.98363383431985
GUT_GENOME099474_15___GUT_GENOME099474	36391	36391	100.0
GUT_GENOME099474_16___GUT_GENOME099474	35805	35805	100.0
GUT_GENOME099474_17___GUT_GENOME099474	34679	34679	100.0
GUT_GENOME099474_18___GUT_GENOME099474	34433	34433	100.0
GUT_GENOME099474_19___GUT_GENOME099474	31529	31541	99.96195428172855
GUT_GENOME099474_20___GUT_GENOME099474	27689	27689	100.0
GUT_GENOME099474_21___GUT_GENOME099474	26359	26481	99.53929232279748
GUT_GENOME099474_22___GUT_GENOME099474	26132	26132	100.0
GUT_GENOME099474_23___GUT_GENOME099474	25974	25974	100.0
GUT_GENOME099474_24___GUT_GENOME099474	25441	25441	100.0
GUT_GENOME099474_25___GUT_GENOME099474	25135	25135	100.0
GUT_GENOME099474_26___GUT_GENOME099474	24764	24918	99.38197287101693
GUT_GENOME099474_27___GUT_GENOME099474	24217	24217	100.0
GUT_GENOME099474_28___GUT_GENOME099474	22986	23041	99.7612950826787
GUT_GENOME099474_29___GUT_GENOME099474	0	22625	0.0
GUT_GENOME099474_30___GUT_GENOME099474	22188	22243	99.75273119633144
GUT_GENOME099474_31___GUT_GENOME099474	0	21998	0.0
GUT_GENOME099474_32___GUT_GENOME099474	21106	21106	100.0
GUT_GENOME099474_33___GUT_GENOME099474	20954	21009	99.73820743490884
GUT_GENOME099474_34___GUT_GENOME099474	19717	19717	100.0
GUT_GENOME099474_35___GUT_GENOME099474	18793	18846	99.71877321447522
GUT_GENOME099474_37___GUT_GENOME099474	18371	18427	99.69609811689368
GUT_GENOME099474_38___GUT_GENOME099474	18196	18196	100.0
GUT_GENOME099474_39___GUT_GENOME099474	16309	16363	99.66998716616757
GUT_GENOME099474_40___GUT_GENOME099474	0	16182	0.0
GUT_GENOME099474_41___GUT_GENOME099474	14771	15912	92.82931121166416
GUT_GENOME099474_42___GUT_GENOME099474	15531	15531	100.0
GUT_GENOME099474_43___GUT_GENOME099474	14096	14096	100.0
GUT_GENOME099474_44___GUT_GENOME099474	0	13969	0.0
GUT_GENOME099474_45___GUT_GENOME099474	13539	13788	98.1940818102698
GUT_GENOME099474_47___GUT_GENOME099474	13371	13371	100.0
GUT_GENOME099474_49___GUT_GENOME099474	0	13105	0.0
GUT_GENOME099474_50___GUT_GENOME099474	13016	13016	100.0
GUT_GENOME099474_51___GUT_GENOME099474	12874	12874	100.0
GUT_GENOME099474_52___GUT_GENOME099474	12832	12841	99.929912000623
GUT_GENOME099474_53___GUT_GENOME099474	12764	12764	100.0
GUT_GENOME099474_54___GUT_GENOME099474	0	11728	0.0
GUT_GENOME099474_55___GUT_GENOME099474	11392	11392	100.0
GUT_GENOME099474_61___GUT_GENOME099474	9837	9837	100.0
GUT_GENOME099474_63___GUT_GENOME099474	0	9465	0.0
GUT_GENOME099474_68___GUT_GENOME099474	0	9058	0.0
GUT_GENOME099474_70___GUT_GENOME099474	8790	8790	100.0
GUT_GENOME099474_71___GUT_GENOME099474	8678	8678	100.0
GUT_GENOME099474_72___GUT_GENOME099474	0	8520	0.0
GUT_GENOME099474_75___GUT_GENOME099474	0	8095	0.0
GUT_GENOME099474_78___GUT_GENOME099474	0	6894	0.0
GUT_GENOME099474_79___GUT_GENOME099474	0	6645	0.0
GUT_GENOME099474_80___GUT_GENOME099474	6554	6554	100.0
GUT_GENOME099474_81___GUT_GENOME099474	0	6421	0.0
GUT_GENOME099474_83___GUT_GENOME099474	0	6252	0.0
GUT_GENOME099474_84___GUT_GENOME099474	6080	6134	99.1196609064232
GUT_GENOME099474_86___GUT_GENOME099474	5668	5711	99.24706706356154
GUT_GENOME099474_87___GUT_GENOME099474	0	5687	0.0
GUT_GENOME099474_89___GUT_GENOME099474	5499	5499	100.0
GUT_GENOME099474_91___GUT_GENOME099474	5352	5398	99.14783253056689
GUT_GENOME122658_1___GUT_GENOME122658	121539	121693	99.87345204736509
GUT_GENOME122658_2___GUT_GENOME122658	105864	105864	100.0
GUT_GENOME122658_3___GUT_GENOME122658	92654	92724	99.92450713946766
GUT_GENOME122658_4___GUT_GENOME122658	83726	83726	100.0
GUT_GENOME122658_5___GUT_GENOME122658	70667	70667	100.0
GUT_GENOME122658_6___GUT_GENOME122658	69661	69715	99.92254177723588
GUT_GENOME122658_7___GUT_GENOME122658	34368	54210	63.39789706696182
GUT_GENOME122658_8___GUT_GENOME122658	53100	53100	100.0
GUT_GENOME122658_9___GUT_GENOME122658	44256	44274	99.95934408456431
GUT_GENOME122658_10___GUT_GENOME122658	41938	41960	99.94756911344138
GUT_GENOME122658_11___GUT_GENOME122658	0	41206	0.0
GUT_GENOME122658_12___GUT_GENOME122658	37495	37495	100.0
GUT_GENOME122658_13___GUT_GENOME122658	35592	35592	100.0
GUT_GENOME122658_14___GUT_GENOME122658	35318	35318	100.0
GUT_GENOME122658_15___GUT_GENOME122658	33284	33284	100.0
GUT_GENOME122658_16___GUT_GENOME122658	32901	32901	100.0
GUT_GENOME122658_17___GUT_GENOME122658	32833	32833	100.0
GUT_GENOME122658_18___GUT_GENOME122658	30825	31914	96.58770445572476
GUT_GENOME122658_19___GUT_GENOME122658	30950	30950	100.0
GUT_GENOME122658_20___GUT_GENOME122658	30640	30640	100.0
GUT_GENOME122658_22___GUT_GENOME122658	25193	25203	99.960322183867
GUT_GENOME122658_23___GUT_GENOME122658	24387	24387	100.0
GUT_GENOME122658_24___GUT_GENOME122658	23939	23939	100.0
GUT_GENOME122658_25___GUT_GENOME122658	23116	23295	99.23159476282464
GUT_GENOME122658_27___GUT_GENOME122658	21950	21950	100.0
GUT_GENOME122658_28___GUT_GENOME122658	0	21810	0.0
GUT_GENOME122658_29___GUT_GENOME122658	21638	21638	100.0
GUT_GENOME122658_30___GUT_GENOME122658	21389	21443	99.74816956582568
GUT_GENOME122658_31___GUT_GENOME122658	20946	20946	100.0
GUT_GENOME122658_32___GUT_GENOME122658	20794	20794	100.0
GUT_GENOME122658_34___GUT_GENOME122658	20230	20231	99.99505709060354
GUT_GENOME122658_35___GUT_GENOME122658	20101	20101	100.0
GUT_GENOME122658_36___GUT_GENOME122658	0	19998	0.0
GUT_GENOME122658_37___GUT_GENOME122658	18754	18754	100.0
GUT_GENOME122658_38___GUT_GENOME122658	18479	18704	98.7970487596236
GUT_GENOME122658_40___GUT_GENOME122658	0	18247	0.0
GUT_GENOME122658_41___GUT_GENOME122658	17741	17754	99.92677706432353
GUT_GENOME122658_43___GUT_GENOME122658	0	17409	0.0
GUT_GENOME122658_44___GUT_GENOME122658	16866	16866	100.0
GUT_GENOME122658_45___GUT_GENOME122658	16808	16808	100.0
GUT_GENOME122658_46___GUT_GENOME122658	16505	16505	100.0
GUT_GENOME122658_47___GUT_GENOME122658	15973	15973	100.0
GUT_GENOME122658_49___GUT_GENOME122658	15718	15718	100.0
GUT_GENOME122658_50___GUT_GENOME122658	0	15081	0.0
GUT_GENOME122658_52___GUT_GENOME122658	14333	14333	100.0
GUT_GENOME122658_53___GUT_GENOME122658	13903	13903	100.0
GUT_GENOME122658_54___GUT_GENOME122658	13741	13741	100.0
GUT_GENOME122658_55___GUT_GENOME122658	13720	13720	100.0
GUT_GENOME122658_56___GUT_GENOME122658	13442	13445	99.97768687244329
GUT_GENOME122658_58___GUT_GENOME122658	12073	12128	99.54650395778364
GUT_GENOME122658_59___GUT_GENOME122658	11220	11249	99.74219930660503
GUT_GENOME122658_60___GUT_GENOME122658	10731	10792	99.43476649369903
GUT_GENOME122658_61___GUT_GENOME122658	10168	10245	99.24841386041972
GUT_GENOME122658_62___GUT_GENOME122658	9864	9864	100.0
GUT_GENOME122658_64___GUT_GENOME122658	0	9747	0.0
GUT_GENOME122658_68___GUT_GENOME122658	8673	8673	100.0
GUT_GENOME122658_69___GUT_GENOME122658	8146	8146	100.0
GUT_GENOME122658_70___GUT_GENOME122658	8069	8069	100.0
GUT_GENOME122658_72___GUT_GENOME122658	0	7911	0.0
GUT_GENOME122658_73___GUT_GENOME122658	1309	7642	17.129023815755037
GUT_GENOME122658_79___GUT_GENOME122658	0	7147	0.0
GUT_GENOME122658_80___GUT_GENOME122658	7052	7052	100.0
GUT_GENOME122658_81___GUT_GENOME122658	6753	6753	100.0
GUT_GENOME122658_84___GUT_GENOME122658	6631	6631	100.0
GUT_GENOME122658_85___GUT_GENOME122658	6599	6599	100.0
GUT_GENOME122658_87___GUT_GENOME122658	5950	5950	100.0
GUT_GENOME122658_89___GUT_GENOME122658	5770	5825	99.05579399141631
GUT_GENOME122658_91___GUT_GENOME122658	5743	5776	99.4286703601108
GUT_GENOME122658_93___GUT_GENOME122658	5708	5708	100.0
GUT_GENOME122658_94___GUT_GENOME122658	5598	5598	100.0
GUT_GENOME122658_95___GUT_GENOME122658	5257	5257	100.0
GUT_GENOME122658_97___GUT_GENOME122658	5077	5077	100.0
GUT_GENOME122658_98___GUT_GENOME122658	0	5062	0.0
GUT_GENOME123622_1___GUT_GENOME123622	146447	146447	100.0
GUT_GENOME123622_2___GUT_GENOME123622	113354	113354	100.0
GUT_GENOME123622_3___GUT_GENOME123622	112729	112729	100.0
GUT_GENOME123622_4___GUT_GENOME123622	106185	106232	99.95575721063334
GUT_GENOME123622_5___GUT_GENOME123622	92583	92583	100.0
GUT_GENOME123622_6___GUT_GENOME123622	82954	82955	99.99879452715328
GUT_GENOME123622_7___GUT_GENOME123622	65141	65141	100.0
GUT_GENOME123622_8___GUT_GENOME123622	55381	55491	99.80176965634067
GUT_GENOME123622_9___GUT_GENOME123622	54466	54495	99.94678410863382
GUT_GENOME123622_10___GUT_GENOME123622	54189	54220	99.9428255256363
GUT_GENOME123622_11___GUT_GENOME123622	52157	52157	100.0
GUT_GENOME123622_12___GUT_GENOME123622	48517	48517	100.0
GUT_GENOME123622_14___GUT_GENOME123622	44308	44349	99.9075514667749
GUT_GENOME123622_15___GUT_GENOME123622	41297	41324	99.93466266576324
GUT_GENOME123622_17___GUT_GENOME123622	39380	39380	100.0
GUT_GENOME123622_18___GUT_GENOME123622	37750	37750	100.0
GUT_GENOME123622_19___GUT_GENOME123622	91	37612	0.24194406040625333
GUT_GENOME123622_20___GUT_GENOME123622	34844	34941	99.72238917031568
GUT_GENOME123622_21___GUT_GENOME123622	34901	34901	100.0
GUT_GENOME123622_22___GUT_GENOME123622	33000	33000	100.0
GUT_GENOME123622_23___GUT_GENOME123622	29942	29942	100.0
GUT_GENOME123622_24___GUT_GENOME123622	28558	28558	100.0
GUT_GENOME123622_25___GUT_GENOME123622	26334	26334	100.0
GUT_GENOME123622_26___GUT_GENOME123622	0	25719	0.0
GUT_GENOME123622_27___GUT_GENOME123622	0	23753	0.0
GUT_GENOME123622_28___GUT_GENOME123622	23267	23287	99.91411517155494
GUT_GENOME123622_29___GUT_GENOME123622	22994	23048	99.76570635196113
GUT_GENOME123622_30___GUT_GENOME123622	22749	22749	100.0
GUT_GENOME123622_31___GUT_GENOME123622	22401	22401	100.0
GUT_GENOME123622_32___GUT_GENOME123622	22032	22088	99.74646867077146
GUT_GENOME123622_33___GUT_GENOME123622	21699	21753	99.75175837815475
GUT_GENOME123622_34___GUT_GENOME123622	0	20972	0.0
GUT_GENOME123622_35___GUT_GENOME123622	19175	19175	100.0
GUT_GENOME123622_37___GUT_GENOME123622	17186	17186	100.0
GUT_GENOME123622_39___GUT_GENOME123622	16628	16668	99.76001919846412
GUT_GENOME123622_41___GUT_GENOME123622	13458	16317	82.47839676411105
GUT_GENOME123622_42___GUT_GENOME123622	15686	15767	99.48626878924335
GUT_GENOME123622_43___GUT_GENOME123622	0	14838	0.0
GUT_GENOME123622_44___GUT_GENOME123622	14254	14262	99.94390688542981
GUT_GENOME123622_45___GUT_GENOME123622	13991	14044	99.62261463970378
GUT_GENOME123622_46___GUT_GENOME123622	0	14016	0.0
GUT_GENOME123622_47___GUT_GENOME123622	0	13490	0.0
GUT_GENOME123622_48___GUT_GENOME123622	13247	13439	98.5713222710023
GUT_GENOME123622_49___GUT_GENOME123622	13237	13290	99.60120391271633
GUT_GENOME123622_53___GUT_GENOME123622	0	11693	0.0
GUT_GENOME123622_54___GUT_GENOME123622	11292	11346	99.52406134320465
GUT_GENOME123622_56___GUT_GENOME123622	0	10630	0.0
GUT_GENOME123622_57___GUT_GENOME123622	9846	9846	100.0
GUT_GENOME123622_58___GUT_GENOME123622	97	9724	0.9975318798848211
GUT_GENOME123622_59___GUT_GENOME123622	9612	9612	100.0
GUT_GENOME123622_60___GUT_GENOME123622	0	9318	0.0
GUT_GENOME123622_62___GUT_GENOME123622	0	8156	0.0
GUT_GENOME123622_63___GUT_GENOME123622	0	8011	0.0
GUT_GENOME123622_64___GUT_GENOME123622	0	7965	0.0
GUT_GENOME123622_65___GUT_GENOME123622	1332	7629	17.459693275658672
GUT_GENOME123622_70___GUT_GENOME123622	6491	6491	100.0
GUT_GENOME123622_73___GUT_GENOME123622	5550	5550	100.0
GUT_GENOME124217_1___GUT_GENOME124217	127326	127326	100.0
GUT_GENOME124217_2___GUT_GENOME124217	87669	87696	99.9692118226601
GUT_GENOME124217_3___GUT_GENOME124217	54168	54169	99.99815392567704
GUT_GENOME124217_4___GUT_GENOME124217	52067	52067	100.0
GUT_GENOME124217_5___GUT_GENOME124217	44936	44936	100.0
GUT_GENOME124217_6___GUT_GENOME124217	40034	40034	100.0
GUT_GENOME124217_7___GUT_GENOME124217	37294	37294	100.0
GUT_GENOME124217_8___GUT_GENOME124217	34488	34488	100.0
GUT_GENOME124217_9___GUT_GENOME124217	34089	34089	100.0
GUT_GENOME124217_10___GUT_GENOME124217	33104	33104	100.0
GUT_GENOME124217_11___GUT_GENOME124217	32563	32563	100.0
GUT_GENOME124217_13___GUT_GENOME124217	29320	29320	100.0
GUT_GENOME124217_14___GUT_GENOME124217	28564	28564	100.0
GUT_GENOME124217_15___GUT_GENOME124217	27639	27639	100.0
GUT_GENOME124217_18___GUT_GENOME124217	25109	25109	100.0
GUT_GENOME124217_19___GUT_GENOME124217	24679	24679	100.0
GUT_GENOME124217_20___GUT_GENOME124217	24088	24088	100.0
GUT_GENOME124217_21___GUT_GENOME124217	23570	23570	100.0
GUT_GENOME124217_22___GUT_GENOME124217	23088	23091	99.98700792516566
GUT_GENOME124217_23___GUT_GENOME124217	22209	22209	100.0
GUT_GENOME124217_24___GUT_GENOME124217	21957	21957	100.0
GUT_GENOME124217_25___GUT_GENOME124217	21623	21623	100.0
GUT_GENOME124217_26___GUT_GENOME124217	21584	21587	99.98610274702368
GUT_GENOME124217_27___GUT_GENOME124217	20816	20844	99.86566877758588
GUT_GENOME124217_28___GUT_GENOME124217	20436	20436	100.0
GUT_GENOME124217_29___GUT_GENOME124217	19967	19967	100.0
GUT_GENOME124217_30___GUT_GENOME124217	19441	19522	99.58508349554349
GUT_GENOME124217_31___GUT_GENOME124217	0	17840	0.0
GUT_GENOME124217_32___GUT_GENOME124217	17495	17495	100.0
GUT_GENOME124217_33___GUT_GENOME124217	16937	16937	100.0
GUT_GENOME124217_34___GUT_GENOME124217	16846	16846	100.0
GUT_GENOME124217_35___GUT_GENOME124217	16771	16785	99.91659219541256
GUT_GENOME124217_36___GUT_GENOME124217	16587	16587	100.0
GUT_GENOME124217_37___GUT_GENOME124217	16520	16520	100.0
GUT_GENOME124217_38___GUT_GENOME124217	16091	16091	100.0
GUT_GENOME124217_39___GUT_GENOME124217	16065	16065	100.0
GUT_GENOME124217_40___GUT_GENOME124217	16046	16046	100.0
GUT_GENOME124217_41___GUT_GENOME124217	15517	15517	100.0
GUT_GENOME124217_43___GUT_GENOME124217	15173	15173	100.0
GUT_GENOME124217_44___GUT_GENOME124217	14904	14904	100.0
GUT_GENOME124217_45___GUT_GENOME124217	0	14727	0.0
GUT_GENOME124217_47___GUT_GENOME124217	14355	14409	99.62523422860711
GUT_GENOME124217_48___GUT_GENOME124217	14326	14380	99.62447844228095
GUT_GENOME124217_49___GUT_GENOME124217	0	14072	0.0
GUT_GENOME124217_50___GUT_GENOME124217	14070	14070	100.0
GUT_GENOME124217_51___GUT_GENOME124217	13571	13571	100.0
GUT_GENOME124217_52___GUT_GENOME124217	13537	13537	100.0
GUT_GENOME124217_53___GUT_GENOME124217	13109	13119	99.92377467794802
GUT_GENOME124217_54___GUT_GENOME124217	13066	13075	99.93116634799235
GUT_GENOME124217_55___GUT_GENOME124217	13053	13053	100.0
GUT_GENOME124217_56___GUT_GENOME124217	13004	13004	100.0
GUT_GENOME124217_57___GUT_GENOME124217	12515	12620	99.16798732171156
GUT_GENOME124217_58___GUT_GENOME124217	12375	12427	99.58155628872616
GUT_GENOME124217_59___GUT_GENOME124217	12372	12372	100.0
GUT_GENOME124217_61___GUT_GENOME124217	12046	12046	100.0
GUT_GENOME124217_62___GUT_GENOME124217	11800	11855	99.53606073386757
GUT_GENOME124217_63___GUT_GENOME124217	11650	11650	100.0
GUT_GENOME124217_64___GUT_GENOME124217	11609	11609	100.0
GUT_GENOME124217_65___GUT_GENOME124217	10989	10989	100.0
GUT_GENOME124217_68___GUT_GENOME124217	0	10046	0.0
GUT_GENOME124217_69___GUT_GENOME124217	0	10005	0.0
GUT_GENOME124217_70___GUT_GENOME124217	9977	9980	99.96993987975952
GUT_GENOME124217_71___GUT_GENOME124217	9611	9611	100.0
GUT_GENOME124217_72___GUT_GENOME124217	9594	9594	100.0
GUT_GENOME124217_73___GUT_GENOME124217	9549	9549	100.0
GUT_GENOME124217_74___GUT_GENOME124217	9391	9391	100.0
GUT_GENOME124217_76___GUT_GENOME124217	0	8784	0.0
GUT_GENOME124217_77___GUT_GENOME124217	8393	8393	100.0
GUT_GENOME124217_78___GUT_GENOME124217	8217	8270	99.35912938331319
GUT_GENOME124217_79___GUT_GENOME124217	8219	8219	100.0
GUT_GENOME124217_82___GUT_GENOME124217	8067	8067	100.0
GUT_GENOME124217_83___GUT_GENOME124217	0	8059	0.0
GUT_GENOME124217_84___GUT_GENOME124217	0	7995	0.0
GUT_GENOME124217_86___GUT_GENOME124217	7827	7827	100.0
GUT_GENOME124217_87___GUT_GENOME124217	0	7623	0.0
GUT_GENOME124217_89___GUT_GENOME124217	1256	7490	16.76902536715621
GUT_GENOME124217_90___GUT_GENOME124217	7188	7308	98.35796387520526
GUT_GENOME124217_91___GUT_GENOME124217	7262	7262	100.0
GUT_GENOME124217_92___GUT_GENOME124217	0	7130	0.0
GUT_GENOME124217_94___GUT_GENOME124217	6899	6901	99.97101869294305
GUT_GENOME124217_95___GUT_GENOME124217	6850	6850	100.0
GUT_GENOME124217_96___GUT_GENOME124217	6806	6806	100.0
GUT_GENOME124217_97___GUT_GENOME124217	6740	6740	100.0
GUT_GENOME124217_99___GUT_GENOME124217	6478	6478	100.0
GUT_GENOME124217_100___GUT_GENOME124217	6389	6389	100.0
GUT_GENOME124217_104___GUT_GENOME124217	5610	5610	100.0
GUT_GENOME124217_105___GUT_GENOME124217	5576	5576	100.0
GUT_GENOME124217_106___GUT_GENOME124217	5503	5503	100.0
GUT_GENOME124217_107___GUT_GENOME124217	5460	5460	100.0
GUT_GENOME124217_108___GUT_GENOME124217	0	5309	0.0
GUT_GENOME124217_109___GUT_GENOME124217	5164	5164	100.0
GUT_GENOME124217_110___GUT_GENOME124217	5083	5083	100.0
GUT_GENOME125986_1___GUT_GENOME125986	64364	64364	100.0
GUT_GENOME125986_2___GUT_GENOME125986	61718	61718	100.0
GUT_GENOME125986_3___GUT_GENOME125986	58359	58359	100.0
GUT_GENOME125986_4___GUT_GENOME125986	45824	45856	99.93021632937894
GUT_GENOME125986_5___GUT_GENOME125986	40797	40797	100.0
GUT_GENOME125986_6___GUT_GENOME125986	38175	38229	99.8587459781841
GUT_GENOME125986_7___GUT_GENOME125986	34853	34907	99.8453032343083
GUT_GENOME125986_8___GUT_GENOME125986	33811	34035	99.34185397385045
GUT_GENOME125986_9___GUT_GENOME125986	31362	31908	98.28883038736367
GUT_GENOME125986_10___GUT_GENOME125986	29590	29590	100.0
GUT_GENOME125986_11___GUT_GENOME125986	29515	29515	100.0
GUT_GENOME125986_12___GUT_GENOME125986	29388	29388	100.0
GUT_GENOME125986_13___GUT_GENOME125986	27611	27611	100.0
GUT_GENOME125986_14___GUT_GENOME125986	25611	25623	99.95316707645475
GUT_GENOME125986_15___GUT_GENOME125986	25244	25244	100.0
GUT_GENOME125986_16___GUT_GENOME125986	25122	25122	100.0
GUT_GENOME125986_17___GUT_GENOME125986	24480	24480	100.0
GUT_GENOME125986_18___GUT_GENOME125986	24306	24306	100.0
GUT_GENOME125986_19___GUT_GENOME125986	23951	23951	100.0
GUT_GENOME125986_20___GUT_GENOME125986	23380	23380	100.0
GUT_GENOME125986_21___GUT_GENOME125986	22693	22972	98.78547797318474
GUT_GENOME125986_22___GUT_GENOME125986	21849	21904	99.74890430971513
GUT_GENOME125986_23___GUT_GENOME125986	21452	21452	100.0
GUT_GENOME125986_24___GUT_GENOME125986	21130	21130	100.0
GUT_GENOME125986_25___GUT_GENOME125986	21107	21107	100.0
GUT_GENOME125986_26___GUT_GENOME125986	20880	20893	99.93777820322596
GUT_GENOME125986_27___GUT_GENOME125986	20582	20637	99.733488394631
GUT_GENOME125986_28___GUT_GENOME125986	20106	20106	100.0
GUT_GENOME125986_29___GUT_GENOME125986	19491	19524	99.83097725875845
GUT_GENOME125986_30___GUT_GENOME125986	19141	19141	100.0
GUT_GENOME125986_31___GUT_GENOME125986	17988	18858	95.38657333757557
GUT_GENOME125986_32___GUT_GENOME125986	0	17767	0.0
GUT_GENOME125986_33___GUT_GENOME125986	17669	17669	100.0
GUT_GENOME125986_34___GUT_GENOME125986	17381	17381	100.0
GUT_GENOME125986_35___GUT_GENOME125986	16885	16885	100.0
GUT_GENOME125986_36___GUT_GENOME125986	16691	16691	100.0
GUT_GENOME125986_37___GUT_GENOME125986	15909	15909	100.0
GUT_GENOME125986_38___GUT_GENOME125986	15138	15190	99.65766951942066
GUT_GENOME125986_39___GUT_GENOME125986	15149	15149	100.0
GUT_GENOME125986_40___GUT_GENOME125986	15110	15110	100.0
GUT_GENOME125986_41___GUT_GENOME125986	14772	14772	100.0
GUT_GENOME125986_42___GUT_GENOME125986	14771	14771	100.0
GUT_GENOME125986_43___GUT_GENOME125986	14741	14741	100.0
GUT_GENOME125986_44___GUT_GENOME125986	14207	14207	100.0
GUT_GENOME125986_45___GUT_GENOME125986	14030	14030	100.0
GUT_GENOME125986_46___GUT_GENOME125986	13318	13349	99.76777286688142
GUT_GENOME125986_47___GUT_GENOME125986	12979	13010	99.76172175249808
GUT_GENOME125986_49___GUT_GENOME125986	12303	12308	99.95937601559962
GUT_GENOME125986_50___GUT_GENOME125986	12182	12182	100.0
GUT_GENOME125986_52___GUT_GENOME125986	11381	11505	98.92220773576706
GUT_GENOME125986_53___GUT_GENOME125986	11473	11473	100.0
GUT_GENOME125986_54___GUT_GENOME125986	11406	11460	99.52879581151832
GUT_GENOME125986_55___GUT_GENOME125986	11341	11395	99.52610794207986
GUT_GENOME125986_56___GUT_GENOME125986	11329	11329	100.0
GUT_GENOME125986_57___GUT_GENOME125986	10636	10691	99.48554859227387
GUT_GENOME125986_58___GUT_GENOME125986	10347	10386	99.62449451184287
GUT_GENOME125986_60___GUT_GENOME125986	10193	10193	100.0
GUT_GENOME125986_61___GUT_GENOME125986	9994	10083	99.11732619260141
GUT_GENOME125986_63___GUT_GENOME125986	9660	9660	100.0
GUT_GENOME125986_64___GUT_GENOME125986	9590	9590	100.0
GUT_GENOME125986_65___GUT_GENOME125986	9547	9547	100.0
GUT_GENOME125986_66___GUT_GENOME125986	9436	9436	100.0
GUT_GENOME125986_67___GUT_GENOME125986	9374	9413	99.58567937958142
GUT_GENOME125986_68___GUT_GENOME125986	9315	9370	99.41302027748132
GUT_GENOME125986_69___GUT_GENOME125986	9278	9278	100.0
GUT_GENOME125986_70___GUT_GENOME125986	9194	9237	99.53448089206452
GUT_GENOME125986_71___GUT_GENOME125986	8956	8956	100.0
GUT_GENOME125986_72___GUT_GENOME125986	8655	8805	98.29642248722317
GUT_GENOME125986_73___GUT_GENOME125986	8633	8657	99.72276770243734
GUT_GENOME125986_74___GUT_GENOME125986	0	8624	0.0
GUT_GENOME125986_75___GUT_GENOME125986	8512	8512	100.0
GUT_GENOME125986_77___GUT_GENOME125986	1294	8182	15.81520410657541
GUT_GENOME125986_78___GUT_GENOME125986	8181	8181	100.0
GUT_GENOME125986_79___GUT_GENOME125986	0	8121	0.0
GUT_GENOME125986_80___GUT_GENOME125986	8025	8041	99.80101977365999
GUT_GENOME125986_82___GUT_GENOME125986	7653	7653	100.0
GUT_GENOME125986_83___GUT_GENOME125986	0	7508	0.0
GUT_GENOME125986_85___GUT_GENOME125986	7438	7438	100.0
GUT_GENOME125986_86___GUT_GENOME125986	7395	7415	99.73027646662172
GUT_GENOME125986_87___GUT_GENOME125986	0	7336	0.0
GUT_GENOME125986_88___GUT_GENOME125986	7299	7299	100.0
GUT_GENOME125986_89___GUT_GENOME125986	7160	7272	98.45984598459846
GUT_GENOME125986_90___GUT_GENOME125986	6825	7267	93.91771019677996
GUT_GENOME125986_93___GUT_GENOME125986	6682	6682	100.0
GUT_GENOME125986_94___GUT_GENOME125986	6674	6674	100.0
GUT_GENOME125986_95___GUT_GENOME125986	6494	6549	99.16017712627882
GUT_GENOME125986_96___GUT_GENOME125986	0	6449	0.0
GUT_GENOME125986_97___GUT_GENOME125986	6210	6265	99.122106943336
GUT_GENOME125986_98___GUT_GENOME125986	6153	6153	100.0
GUT_GENOME125986_99___GUT_GENOME125986	6144	6144	100.0
GUT_GENOME125986_101___GUT_GENOME125986	0	5991	0.0
GUT_GENOME125986_102___GUT_GENOME125986	5921	5921	100.0
GUT_GENOME125986_103___GUT_GENOME125986	4498	5820	77.2852233676976
GUT_GENOME125986_105___GUT_GENOME125986	5112	5815	87.91057609630266
GUT_GENOME125986_106___GUT_GENOME125986	5788	5788	100.0
GUT_GENOME125986_107___GUT_GENOME125986	5704	5704	100.0
GUT_GENOME125986_108___GUT_GENOME125986	5701	5701	100.0
GUT_GENOME125986_110___GUT_GENOME125986	0	5600	0.0
GUT_GENOME125986_111___GUT_GENOME125986	5584	5584	100.0
GUT_GENOME125986_112___GUT_GENOME125986	5575	5575	100.0
GUT_GENOME125986_114___GUT_GENOME125986	0	5516	0.0
GUT_GENOME125986_116___GUT_GENOME125986	0	5470	0.0
GUT_GENOME125986_117___GUT_GENOME125986	5299	5299	100.0
GUT_GENOME125986_118___GUT_GENOME125986	0	5272	0.0
GUT_GENOME125986_120___GUT_GENOME125986	5242	5242	100.0
GUT_GENOME125986_121___GUT_GENOME125986	5216	5216	100.0
GUT_GENOME125986_122___GUT_GENOME125986	0	5120	0.0
GUT_GENOME125986_123___GUT_GENOME125986	0	5103	0.0
GUT_GENOME152745_1___GUT_GENOME152745	115192	115192	100.0
GUT_GENOME152745_2___GUT_GENOME152745	81310	81366	99.93117518373768
GUT_GENOME152745_3___GUT_GENOME152745	76188	76188	100.0
GUT_GENOME152745_4___GUT_GENOME152745	76092	76092	100.0
GUT_GENOME152745_5___GUT_GENOME152745	73073	73379	99.58298695812154
GUT_GENOME152745_6___GUT_GENOME152745	64781	64781	100.0
GUT_GENOME152745_7___GUT_GENOME152745	0	58745	0.0
GUT_GENOME152745_8___GUT_GENOME152745	57932	57932	100.0
GUT_GENOME152745_9___GUT_GENOME152745	56282	56282	100.0
GUT_GENOME152745_10___GUT_GENOME152745	53491	54136	98.80855622875721
GUT_GENOME152745_12___GUT_GENOME152745	52827	52882	99.8959948564729
GUT_GENOME152745_13___GUT_GENOME152745	0	52551	0.0
GUT_GENOME152745_14___GUT_GENOME152745	51358	51383	99.95134577584027
GUT_GENOME152745_16___GUT_GENOME152745	48232	48232	100.0
GUT_GENOME152745_17___GUT_GENOME152745	47056	47111	99.88325444163783
GUT_GENOME152745_18___GUT_GENOME152745	46670	46725	99.88228999464954
GUT_GENOME152745_19___GUT_GENOME152745	36146	43095	83.87515953126812
GUT_GENOME152745_20___GUT_GENOME152745	40319	40607	99.29076267638585
GUT_GENOME152745_21___GUT_GENOME152745	39294	39294	100.0
GUT_GENOME152745_22___GUT_GENOME152745	37322	38224	97.64022603599832
GUT_GENOME152745_23___GUT_GENOME152745	34435	37729	91.2693153807416
GUT_GENOME152745_24___GUT_GENOME152745	36266	36374	99.70308462088305
GUT_GENOME152745_25___GUT_GENOME152745	36040	36040	100.0
GUT_GENOME152745_26___GUT_GENOME152745	35132	35132	100.0
GUT_GENOME152745_27___GUT_GENOME152745	34193	34196	99.99122704409874
GUT_GENOME152745_28___GUT_GENOME152745	34089	34144	99.8389175257732
GUT_GENOME152745_29___GUT_GENOME152745	33019	33019	100.0
GUT_GENOME152745_30___GUT_GENOME152745	32290	32376	99.7343711391154
GUT_GENOME152745_31___GUT_GENOME152745	30675	30675	100.0
GUT_GENOME152745_32___GUT_GENOME152745	29220	29257	99.87353453874287
GUT_GENOME152745_33___GUT_GENOME152745	29085	29116	99.89352933095206
GUT_GENOME152745_34___GUT_GENOME152745	29057	29111	99.81450310879049
GUT_GENOME152745_35___GUT_GENOME152745	28891	28946	99.8099910177572
GUT_GENOME152745_37___GUT_GENOME152745	0	25557	0.0
GUT_GENOME152745_38___GUT_GENOME152745	25446	25446	100.0
GUT_GENOME152745_40___GUT_GENOME152745	23072	23126	99.76649658393151
GUT_GENOME152745_42___GUT_GENOME152745	22380	22380	100.0
GUT_GENOME152745_44___GUT_GENOME152745	20813	20989	99.1614655295631
GUT_GENOME152745_45___GUT_GENOME152745	0	19650	0.0
GUT_GENOME152745_46___GUT_GENOME152745	19123	19123	100.0
GUT_GENOME152745_50___GUT_GENOME152745	14397	15139	95.09875156879582
GUT_GENOME152745_51___GUT_GENOME152745	13363	13418	99.59010284692205
GUT_GENOME152745_53___GUT_GENOME152745	0	12233	0.0
GUT_GENOME152745_54___GUT_GENOME152745	0	12089	0.0
GUT_GENOME152745_55___GUT_GENOME152745	12059	12059	100.0
GUT_GENOME152745_56___GUT_GENOME152745	12056	12056	100.0
GUT_GENOME152745_58___GUT_GENOME152745	11570	11570	100.0
GUT_GENOME152745_59___GUT_GENOME152745	10831	10831	100.0
GUT_GENOME152745_63___GUT_GENOME152745	10104	10104	100.0
GUT_GENOME152745_65___GUT_GENOME152745	9380	9380	100.0
GUT_GENOME152745_66___GUT_GENOME152745	0	8543	0.0
GUT_GENOME152745_67___GUT_GENOME152745	0	8349	0.0
GUT_GENOME152745_69___GUT_GENOME152745	7650	7650	100.0
GUT_GENOME152745_70___GUT_GENOME152745	6117	6120	99.95098039215686
GUT_GENOME152745_72___GUT_GENOME152745	5818	5876	99.01293396868618
GUT_GENOME152745_75___GUT_GENOME152745	5384	5384	100.0
GUT_GENOME152745_77___GUT_GENOME152745	0	5076	0.0
GUT_GENOME154792_1___GUT_GENOME154792	97526	97526	100.0
GUT_GENOME154792_2___GUT_GENOME154792	76780	76975	99.74667099707698
GUT_GENOME154792_3___GUT_GENOME154792	73972	74027	99.92570278411931
GUT_GENOME154792_4___GUT_GENOME154792	64343	64343	100.0
GUT_GENOME154792_5___GUT_GENOME154792	64198	64214	99.97508331516491
GUT_GENOME154792_6___GUT_GENOME154792	60473	60528	99.90913296325668
GUT_GENOME154792_7___GUT_GENOME154792	60254	60309	99.90880299789417
GUT_GENOME154792_8___GUT_GENOME154792	57159	57159	100.0
GUT_GENOME154792_9___GUT_GENOME154792	52883	52883	100.0
GUT_GENOME154792_10___GUT_GENOME154792	50787	50840	99.8957513768686
GUT_GENOME154792_11___GUT_GENOME154792	50503	50503	100.0
GUT_GENOME154792_12___GUT_GENOME154792	50328	50328	100.0
GUT_GENOME154792_13___GUT_GENOME154792	43965	43965	100.0
GUT_GENOME154792_14___GUT_GENOME154792	43539	43645	99.75713140107688
GUT_GENOME154792_15___GUT_GENOME154792	42435	42435	100.0
GUT_GENOME154792_16___GUT_GENOME154792	40093	40093	100.0
GUT_GENOME154792_17___GUT_GENOME154792	39836	39836	100.0
GUT_GENOME154792_18___GUT_GENOME154792	39124	39175	99.86981493299298
GUT_GENOME154792_19___GUT_GENOME154792	37547	37547	100.0
GUT_GENOME154792_20___GUT_GENOME154792	117	36442	0.32105811975193455
GUT_GENOME154792_21___GUT_GENOME154792	33296	33296	100.0
GUT_GENOME154792_22___GUT_GENOME154792	32024	32024	100.0
GUT_GENOME154792_23___GUT_GENOME154792	31512	31552	99.87322515212982
GUT_GENOME154792_24___GUT_GENOME154792	0	31516	0.0
GUT_GENOME154792_25___GUT_GENOME154792	25041	31338	79.9061841853341
GUT_GENOME154792_26___GUT_GENOME154792	30149	30149	100.0
GUT_GENOME154792_27___GUT_GENOME154792	29520	29520	100.0
GUT_GENOME154792_28___GUT_GENOME154792	28648	28705	99.80142832259187
GUT_GENOME154792_29___GUT_GENOME154792	27691	27691	100.0
GUT_GENOME154792_31___GUT_GENOME154792	27016	27016	100.0
GUT_GENOME154792_32___GUT_GENOME154792	26150	26353	99.22968921944371
GUT_GENOME154792_33___GUT_GENOME154792	118	26045	0.4530620080629679
GUT_GENOME154792_34___GUT_GENOME154792	24394	25048	97.38901309485787
GUT_GENOME154792_35___GUT_GENOME154792	24738	24795	99.77011494252874
GUT_GENOME154792_36___GUT_GENOME154792	128	23625	0.5417989417989418
GUT_GENOME154792_37___GUT_GENOME154792	21842	21928	99.60780736957315
GUT_GENOME154792_39___GUT_GENOME154792	20930	20930	100.0
GUT_GENOME154792_40___GUT_GENOME154792	20247	20247	100.0
GUT_GENOME154792_42___GUT_GENOME154792	19445	19499	99.72306272116519
GUT_GENOME154792_43___GUT_GENOME154792	19322	19431	99.43904070814678
GUT_GENOME154792_44___GUT_GENOME154792	0	18860	0.0
GUT_GENOME154792_45___GUT_GENOME154792	15280	18545	82.39417632785117
GUT_GENOME154792_46___GUT_GENOME154792	18344	18356	99.93462628023535
GUT_GENOME154792_47___GUT_GENOME154792	18048	18103	99.6961829531017
GUT_GENOME154792_50___GUT_GENOME154792	17385	17480	99.45652173913044
GUT_GENOME154792_52___GUT_GENOME154792	0	17265	0.0
GUT_GENOME154792_53___GUT_GENOME154792	0	16735	0.0
GUT_GENOME154792_56___GUT_GENOME154792	14662	14685	99.84337759618658
GUT_GENOME154792_58___GUT_GENOME154792	13247	13963	94.87216214280598
GUT_GENOME154792_60___GUT_GENOME154792	13076	13076	100.0
GUT_GENOME154792_61___GUT_GENOME154792	252	13050	1.9310344827586208
GUT_GENOME154792_62___GUT_GENOME154792	12366	12406	99.67757536675802
GUT_GENOME154792_65___GUT_GENOME154792	9948	12016	82.78961384820239
GUT_GENOME154792_66___GUT_GENOME154792	0	11538	0.0
GUT_GENOME154792_68___GUT_GENOME154792	10002	10057	99.45311723177886
GUT_GENOME154792_70___GUT_GENOME154792	9813	9813	100.0
GUT_GENOME154792_71___GUT_GENOME154792	0	9498	0.0
GUT_GENOME154792_75___GUT_GENOME154792	8709	8709	100.0
GUT_GENOME154792_78___GUT_GENOME154792	77	8234	0.9351469516638329
GUT_GENOME154792_81___GUT_GENOME154792	7556	7610	99.29040735873849
GUT_GENOME154792_82___GUT_GENOME154792	7336	7391	99.25585171154107
GUT_GENOME154792_88___GUT_GENOME154792	6070	6070	100.0
GUT_GENOME154792_89___GUT_GENOME154792	5608	5663	99.02878333039025
GUT_GENOME154792_90___GUT_GENOME154792	5611	5644	99.4153082919915
GUT_GENOME156087_1___GUT_GENOME156087	106467	113272	93.99233702945124
GUT_GENOME156087_2___GUT_GENOME156087	97636	97667	99.9682594939949
GUT_GENOME156087_3___GUT_GENOME156087	88211	89753	98.28195157822023
GUT_GENOME156087_4___GUT_GENOME156087	64056	64099	99.93291627014462
GUT_GENOME156087_5___GUT_GENOME156087	57849	57849	100.0
GUT_GENOME156087_6___GUT_GENOME156087	57148	57148	100.0
GUT_GENOME156087_7___GUT_GENOME156087	46818	50384	92.92235630358844
GUT_GENOME156087_8___GUT_GENOME156087	43487	46277	93.97108714912376
GUT_GENOME156087_9___GUT_GENOME156087	46096	46127	99.93279424198408
GUT_GENOME156087_10___GUT_GENOME156087	43551	43551	100.0
GUT_GENOME156087_11___GUT_GENOME156087	42569	42628	99.8615933189453
GUT_GENOME156087_12___GUT_GENOME156087	41205	41205	100.0
GUT_GENOME156087_13___GUT_GENOME156087	37888	40628	93.25588264251256
GUT_GENOME156087_14___GUT_GENOME156087	38621	38621	100.0
GUT_GENOME156087_15___GUT_GENOME156087	28271	33494	84.40616229772496
GUT_GENOME156087_16___GUT_GENOME156087	32994	32994	100.0
GUT_GENOME156087_17___GUT_GENOME156087	32707	32707	100.0
GUT_GENOME156087_18___GUT_GENOME156087	31760	31761	99.99685148452505
GUT_GENOME156087_19___GUT_GENOME156087	30174	30174	100.0
GUT_GENOME156087_20___GUT_GENOME156087	28940	28940	100.0
GUT_GENOME156087_21___GUT_GENOME156087	26188	26188	100.0
GUT_GENOME156087_22___GUT_GENOME156087	25362	25362	100.0
GUT_GENOME156087_23___GUT_GENOME156087	0	25149	0.0
GUT_GENOME156087_24___GUT_GENOME156087	24072	24072	100.0
GUT_GENOME156087_25___GUT_GENOME156087	15516	22414	69.22459177299902
GUT_GENOME156087_26___GUT_GENOME156087	0	22280	0.0
GUT_GENOME156087_27___GUT_GENOME156087	21719	21801	99.62387046465759
GUT_GENOME156087_28___GUT_GENOME156087	0	20024	0.0
GUT_GENOME156087_29___GUT_GENOME156087	19815	19815	100.0
GUT_GENOME156087_30___GUT_GENOME156087	19562	19562	100.0
GUT_GENOME156087_31___GUT_GENOME156087	19287	19287	100.0
GUT_GENOME156087_32___GUT_GENOME156087	19284	19284	100.0
GUT_GENOME156087_33___GUT_GENOME156087	18958	18958	100.0
GUT_GENOME156087_34___GUT_GENOME156087	18862	18862	100.0
GUT_GENOME156087_35___GUT_GENOME156087	18733	18733	100.0
GUT_GENOME156087_36___GUT_GENOME156087	0	18732	0.0
GUT_GENOME156087_37___GUT_GENOME156087	18557	18557	100.0
GUT_GENOME156087_38___GUT_GENOME156087	16651	16706	99.67077696635938
GUT_GENOME156087_42___GUT_GENOME156087	14741	14741	100.0
GUT_GENOME156087_43___GUT_GENOME156087	14644	14644	100.0
GUT_GENOME156087_44___GUT_GENOME156087	14203	14258	99.61425164819751
GUT_GENOME156087_46___GUT_GENOME156087	13445	13445	100.0
GUT_GENOME156087_47___GUT_GENOME156087	13336	13336	100.0
GUT_GENOME156087_48___GUT_GENOME156087	13125	13225	99.24385633270322
GUT_GENOME156087_49___GUT_GENOME156087	13144	13198	99.59084709804516
GUT_GENOME156087_50___GUT_GENOME156087	12918	12918	100.0
GUT_GENOME156087_51___GUT_GENOME156087	12832	12832	100.0
GUT_GENOME156087_52___GUT_GENOME156087	12709	12709	100.0
GUT_GENOME156087_53___GUT_GENOME156087	12283	12320	99.69967532467533
GUT_GENOME156087_54___GUT_GENOME156087	12303	12303	100.0
GUT_GENOME156087_55___GUT_GENOME156087	11936	11991	99.54132265866066
GUT_GENOME156087_56___GUT_GENOME156087	11849	11849	100.0
GUT_GENOME156087_57___GUT_GENOME156087	11815	11815	100.0
GUT_GENOME156087_58___GUT_GENOME156087	10361	10568	98.04125662376987
GUT_GENOME156087_60___GUT_GENOME156087	10264	10264	100.0
GUT_GENOME156087_61___GUT_GENOME156087	10171	10171	100.0
GUT_GENOME156087_63___GUT_GENOME156087	10116	10116	100.0
GUT_GENOME156087_64___GUT_GENOME156087	0	9918	0.0
GUT_GENOME156087_65___GUT_GENOME156087	9825	9856	99.68547077922078
GUT_GENOME156087_66___GUT_GENOME156087	9782	9782	100.0
GUT_GENOME156087_68___GUT_GENOME156087	9477	9477	100.0
GUT_GENOME156087_69___GUT_GENOME156087	9428	9428	100.0
GUT_GENOME156087_70___GUT_GENOME156087	0	9421	0.0
GUT_GENOME156087_72___GUT_GENOME156087	9149	9149	100.0
GUT_GENOME156087_73___GUT_GENOME156087	0	9088	0.0
GUT_GENOME156087_75___GUT_GENOME156087	8920	8920	100.0
GUT_GENOME156087_76___GUT_GENOME156087	8818	8819	99.9886608459009
GUT_GENOME156087_78___GUT_GENOME156087	8733	8733	100.0
GUT_GENOME156087_80___GUT_GENOME156087	0	8603	0.0
GUT_GENOME156087_81___GUT_GENOME156087	8429	8480	99.39858490566039
GUT_GENOME156087_83___GUT_GENOME156087	8404	8404	100.0
GUT_GENOME156087_84___GUT_GENOME156087	8378	8378	100.0
GUT_GENOME156087_85___GUT_GENOME156087	8177	8179	99.97554713290133
GUT_GENOME156087_86___GUT_GENOME156087	7950	8011	99.23854699787792
GUT_GENOME156087_87___GUT_GENOME156087	7909	7911	99.9747187460498
GUT_GENOME156087_88___GUT_GENOME156087	7783	7785	99.97430956968529
GUT_GENOME156087_90___GUT_GENOME156087	7669	7669	100.0
GUT_GENOME156087_91___GUT_GENOME156087	7197	7199	99.97221836366163
GUT_GENOME156087_92___GUT_GENOME156087	0	7185	0.0
GUT_GENOME156087_98___GUT_GENOME156087	6715	6718	99.95534385233701
GUT_GENOME156087_100___GUT_GENOME156087	0	6536	0.0
GUT_GENOME156087_103___GUT_GENOME156087	6235	6290	99.12559618441972
GUT_GENOME156087_106___GUT_GENOME156087	5965	5967	99.9664823194235
GUT_GENOME156087_107___GUT_GENOME156087	5874	5874	100.0
GUT_GENOME156087_111___GUT_GENOME156087	0	5739	0.0
GUT_GENOME156087_115___GUT_GENOME156087	0	5556	0.0
GUT_GENOME156087_116___GUT_GENOME156087	5411	5411	100.0
GUT_GENOME156087_117___GUT_GENOME156087	5380	5380	100.0
GUT_GENOME156087_118___GUT_GENOME156087	0	5365	0.0
GUT_GENOME156087_119___GUT_GENOME156087	0	5184	0.0
GUT_GENOME156087_120___GUT_GENOME156087	0	5100	0.0
GUT_GENOME189823_1___GUT_GENOME189823	299326	340814	87.82679115294559
GUT_GENOME189823_2___GUT_GENOME189823	315718	321205	98.29174514718015
GUT_GENOME189823_3___GUT_GENOME189823	317448	317448	100.0
GUT_GENOME189823_4___GUT_GENOME189823	184554	184554	100.0
GUT_GENOME189823_5___GUT_GENOME189823	139294	139294	100.0
GUT_GENOME189823_6___GUT_GENOME189823	94893	101798	93.21695907581682
GUT_GENOME189823_7___GUT_GENOME189823	83121	88930	93.46789609805465
GUT_GENOME189823_8___GUT_GENOME189823	79509	79509	100.0
GUT_GENOME189823_9___GUT_GENOME189823	78132	78173	99.94755222391363
GUT_GENOME189823_10___GUT_GENOME189823	51978	51978	100.0
GUT_GENOME189823_11___GUT_GENOME189823	51676	51676	100.0
GUT_GENOME189823_12___GUT_GENOME189823	35043	35043	100.0
GUT_GENOME189823_13___GUT_GENOME189823	17550	18726	93.719961550785
GUT_GENOME189823_14___GUT_GENOME189823	14094	14094	100.0
GUT_GENOME227639_1___GUT_GENOME227639	115521	115521	100.0
GUT_GENOME227639_2___GUT_GENOME227639	112958	112958	100.0
GUT_GENOME227639_3___GUT_GENOME227639	57926	57926	100.0
GUT_GENOME227639_4___GUT_GENOME227639	27774	27774	100.0
GUT_GENOME227639_5___GUT_GENOME227639	39566	39566	100.0
GUT_GENOME227639_6___GUT_GENOME227639	27268	27268	100.0
GUT_GENOME227639_7___GUT_GENOME227639	188	10493	1.7916706375679023
GUT_GENOME227639_8___GUT_GENOME227639	41471	45594	90.95714348379173
GUT_GENOME227639_9___GUT_GENOME227639	18379	18379	100.0
GUT_GENOME227639_17___GUT_GENOME227639	33272	33272	100.0
GUT_GENOME227639_18___GUT_GENOME227639	35065	35065	100.0
GUT_GENOME227639_19___GUT_GENOME227639	58562	58562	100.0
GUT_GENOME227639_21___GUT_GENOME227639	179	21862	0.8187722989662428
GUT_GENOME227639_22___GUT_GENOME227639	80885	81035	99.81489479854385
GUT_GENOME227639_23___GUT_GENOME227639	194	5827	3.329328985755964
GUT_GENOME227639_25___GUT_GENOME227639	0	42110	0.0
GUT_GENOME227639_26___GUT_GENOME227639	17230	17230	100.0
GUT_GENOME227639_28___GUT_GENOME227639	37084	37084	100.0
GUT_GENOME227639_31___GUT_GENOME227639	58005	58005	100.0
GUT_GENOME227639_34___GUT_GENOME227639	14956	19046	78.525674682348
GUT_GENOME227639_35___GUT_GENOME227639	28053	28113	99.78657560559172
GUT_GENOME227639_36___GUT_GENOME227639	31656	31656	100.0
GUT_GENOME227639_37___GUT_GENOME227639	184	25370	0.7252660622782814
GUT_GENOME227639_38___GUT_GENOME227639	177	20902	0.8468089178069084
GUT_GENOME227639_40___GUT_GENOME227639	6354	6354	100.0
GUT_GENOME227639_42___GUT_GENOME227639	36401	43241	84.18167942462014
GUT_GENOME227639_43___GUT_GENOME227639	48274	48328	99.88826353252773
GUT_GENOME227639_44___GUT_GENOME227639	51316	51389	99.85794625308918
GUT_GENOME227639_45___GUT_GENOME227639	183	15309	1.1953752694493436
GUT_GENOME227639_47___GUT_GENOME227639	78300	78300	100.0
GUT_GENOME227639_48___GUT_GENOME227639	130876	131462	99.55424381190001
GUT_GENOME227639_49___GUT_GENOME227639	72421	72421	100.0
GUT_GENOME227639_52___GUT_GENOME227639	166445	166445	100.0
GUT_GENOME227639_53___GUT_GENOME227639	37407	39129	95.59917196963889
GUT_GENOME227639_54___GUT_GENOME227639	94987	94987	100.0
GUT_GENOME227639_55___GUT_GENOME227639	0	48973	0.0
GUT_GENOME227639_56___GUT_GENOME227639	33009	33009	100.0
GUT_GENOME227639_57___GUT_GENOME227639	18019	18019	100.0
GUT_GENOME227639_58___GUT_GENOME227639	7845	7872	99.65701219512195
GUT_GENOME227639_61___GUT_GENOME227639	10068	10068	100.0
GUT_GENOME227639_64___GUT_GENOME227639	89	30174	0.2949559223172268
GUT_GENOME227639_67___GUT_GENOME227639	0	8576	0.0
GUT_GENOME227639_68___GUT_GENOME227639	29017	29017	100.0
GUT_GENOME227639_69___GUT_GENOME227639	24215	24215	100.0
GUT_GENOME227639_71___GUT_GENOME227639	32888	32888	100.0
GUT_GENOME231089_2___GUT_GENOME231089	102644	102644	100.0
GUT_GENOME231089_3___GUT_GENOME231089	57926	57926	100.0
GUT_GENOME231089_4___GUT_GENOME231089	27767	27767	100.0
GUT_GENOME231089_5___GUT_GENOME231089	21180	21180	100.0
GUT_GENOME231089_6___GUT_GENOME231089	43748	43748	100.0
GUT_GENOME231089_7___GUT_GENOME231089	45521	45526	99.98901726485964
GUT_GENOME231089_8___GUT_GENOME231089	42125	42228	99.75608600928294
GUT_GENOME231089_9___GUT_GENOME231089	30525	30525	100.0
GUT_GENOME231089_11___GUT_GENOME231089	99	19132	0.5174576625548819
GUT_GENOME231089_13___GUT_GENOME231089	102953	107781	95.52054629294588
GUT_GENOME231089_15___GUT_GENOME231089	21691	22440	96.66221033868094
GUT_GENOME231089_16___GUT_GENOME231089	38436	38436	100.0
GUT_GENOME231089_17___GUT_GENOME231089	28931	28931	100.0
GUT_GENOME231089_19___GUT_GENOME231089	17278	17278	100.0
GUT_GENOME231089_20___GUT_GENOME231089	252	8389	3.003933722732149
GUT_GENOME231089_23___GUT_GENOME231089	84	14858	0.565351998923139
GUT_GENOME231089_25___GUT_GENOME231089	81915	81915	100.0
GUT_GENOME231089_27___GUT_GENOME231089	21992	21992	100.0
GUT_GENOME231089_29___GUT_GENOME231089	204	22526	0.9056201722454053
GUT_GENOME231089_31___GUT_GENOME231089	7747	7747	100.0
GUT_GENOME231089_32___GUT_GENOME231089	16408	16408	100.0
GUT_GENOME231089_33___GUT_GENOME231089	10831	16944	63.92233238904627
GUT_GENOME231089_36___GUT_GENOME231089	13594	14170	95.93507410021172
GUT_GENOME231089_37___GUT_GENOME231089	97730	97730	100.0
GUT_GENOME231089_38___GUT_GENOME231089	7721	7721	100.0
GUT_GENOME231089_39___GUT_GENOME231089	17472	17472	100.0
GUT_GENOME231089_46___GUT_GENOME231089	34742	34892	99.57010202911843
GUT_GENOME231089_47___GUT_GENOME231089	173	29987	0.5769166638876846
GUT_GENOME231089_48___GUT_GENOME231089	183	30142	0.6071262689934311
GUT_GENOME231089_52___GUT_GENOME231089	38089	38089	100.0
GUT_GENOME231089_53___GUT_GENOME231089	86049	86049	100.0
GUT_GENOME231089_54___GUT_GENOME231089	188	13193	1.4249981050557115
GUT_GENOME231089_55___GUT_GENOME231089	19418	19418	100.0
GUT_GENOME231089_57___GUT_GENOME231089	12049	12049	100.0
GUT_GENOME231089_58___GUT_GENOME231089	180	15405	1.1684518013631937
GUT_GENOME231089_59___GUT_GENOME231089	42255	43951	96.14115719778844
GUT_GENOME231089_61___GUT_GENOME231089	46489	46489	100.0
GUT_GENOME231089_63___GUT_GENOME231089	88178	88178	100.0
GUT_GENOME231089_65___GUT_GENOME231089	19156	19156	100.0
GUT_GENOME231089_67___GUT_GENOME231089	66829	67313	99.28097098628794
GUT_GENOME231089_68___GUT_GENOME231089	10481	10481	100.0
GUT_GENOME231089_70___GUT_GENOME231089	65045	65045	100.0
GUT_GENOME231089_72___GUT_GENOME231089	72440	72440	100.0
GUT_GENOME231089_74___GUT_GENOME231089	80980	80984	99.99506075274128
GUT_GENOME231089_76___GUT_GENOME231089	39961	42322	94.42134114644865
GUT_GENOME231089_78___GUT_GENOME231089	17150	17150	100.0
GUT_GENOME231089_79___GUT_GENOME231089	14059	14104	99.68094157685763
GUT_GENOME231089_80___GUT_GENOME231089	26045	26056	99.95778323610685
GUT_GENOME231089_81___GUT_GENOME231089	46708	46762	99.8845216201189
GUT_GENOME231089_82___GUT_GENOME231089	173	6957	2.486704039097312
GUT_GENOME249529_1___GUT_GENOME249529	76531	76821	99.62249905624763
GUT_GENOME249529_2___GUT_GENOME249529	74293	74350	99.92333557498318
GUT_GENOME249529_3___GUT_GENOME249529	69293	69293	100.0
GUT_GENOME249529_4___GUT_GENOME249529	60467	60467	100.0
GUT_GENOME249529_5___GUT_GENOME249529	58324	58379	99.90578804021995
GUT_GENOME249529_6___GUT_GENOME249529	57847	57847	100.0
GUT_GENOME249529_7___GUT_GENOME249529	0	51562	0.0
GUT_GENOME249529_8___GUT_GENOME249529	42197	42197	100.0
GUT_GENOME249529_9___GUT_GENOME249529	41313	41313	100.0
GUT_GENOME249529_10___GUT_GENOME249529	39688	39688	100.0
GUT_GENOME249529_11___GUT_GENOME249529	38747	38804	99.85310792701783
GUT_GENOME249529_12___GUT_GENOME249529	38679	38679	100.0
GUT_GENOME249529_13___GUT_GENOME249529	35736	37663	94.8835727371691
GUT_GENOME249529_14___GUT_GENOME249529	35128	35128	100.0
GUT_GENOME249529_15___GUT_GENOME249529	0	33212	0.0
GUT_GENOME249529_16___GUT_GENOME249529	32154	32208	99.83233979135619
GUT_GENOME249529_17___GUT_GENOME249529	31604	31604	100.0
GUT_GENOME249529_18___GUT_GENOME249529	27486	31498	87.26268334497428
GUT_GENOME249529_20___GUT_GENOME249529	29706	29760	99.81854838709677
GUT_GENOME249529_21___GUT_GENOME249529	0	29631	0.0
GUT_GENOME249529_22___GUT_GENOME249529	28575	28575	100.0
GUT_GENOME249529_23___GUT_GENOME249529	26435	26435	100.0
GUT_GENOME249529_24___GUT_GENOME249529	26156	26160	99.98470948012232
GUT_GENOME249529_25___GUT_GENOME249529	24645	24699	99.78136766670715
GUT_GENOME249529_26___GUT_GENOME249529	22554	24503	92.04587193404889
GUT_GENOME249529_27___GUT_GENOME249529	24089	24137	99.80113518664291
GUT_GENOME249529_28___GUT_GENOME249529	24078	24078	100.0
GUT_GENOME249529_29___GUT_GENOME249529	20476	20476	100.0
GUT_GENOME249529_30___GUT_GENOME249529	19799	19854	99.72297773748363
GUT_GENOME249529_31___GUT_GENOME249529	19744	19744	100.0
GUT_GENOME249529_32___GUT_GENOME249529	19178	19232	99.71921797004991
GUT_GENOME249529_33___GUT_GENOME249529	18102	18102	100.0
GUT_GENOME249529_35___GUT_GENOME249529	0	18018	0.0
GUT_GENOME249529_36___GUT_GENOME249529	17862	17862	100.0
GUT_GENOME249529_37___GUT_GENOME249529	17643	17643	100.0
GUT_GENOME249529_38___GUT_GENOME249529	17465	17465	100.0
GUT_GENOME249529_39___GUT_GENOME249529	17395	17395	100.0
GUT_GENOME249529_40___GUT_GENOME249529	0	17059	0.0
GUT_GENOME249529_41___GUT_GENOME249529	0	16656	0.0
GUT_GENOME249529_42___GUT_GENOME249529	15682	15917	98.5235911289816
GUT_GENOME249529_43___GUT_GENOME249529	15804	15804	100.0
GUT_GENOME249529_46___GUT_GENOME249529	14989	14989	100.0
GUT_GENOME249529_48___GUT_GENOME249529	13776	13823	99.65998697822471
GUT_GENOME249529_49___GUT_GENOME249529	13537	13537	100.0
GUT_GENOME249529_50___GUT_GENOME249529	13272	13394	99.0891443930118
GUT_GENOME249529_51___GUT_GENOME249529	12841	12894	99.58895610361408
GUT_GENOME249529_52___GUT_GENOME249529	0	12591	0.0
GUT_GENOME249529_53___GUT_GENOME249529	12568	12568	100.0
GUT_GENOME249529_54___GUT_GENOME249529	9192	12472	73.7010904425914
GUT_GENOME249529_56___GUT_GENOME249529	11979	11979	100.0
GUT_GENOME249529_57___GUT_GENOME249529	11933	11936	99.97486595174263
GUT_GENOME249529_58___GUT_GENOME249529	11872	11872	100.0
GUT_GENOME249529_59___GUT_GENOME249529	11259	11313	99.52267303102626
GUT_GENOME249529_60___GUT_GENOME249529	11031	11031	100.0
GUT_GENOME249529_61___GUT_GENOME249529	11014	11014	100.0
GUT_GENOME249529_63___GUT_GENOME249529	10842	10899	99.47701624002202
GUT_GENOME249529_64___GUT_GENOME249529	8918	10696	83.37696335078533
GUT_GENOME249529_65___GUT_GENOME249529	10660	10660	100.0
GUT_GENOME249529_66___GUT_GENOME249529	0	10635	0.0
GUT_GENOME249529_68___GUT_GENOME249529	10354	10354	100.0
GUT_GENOME249529_69___GUT_GENOME249529	10243	10303	99.41764534601573
GUT_GENOME249529_72___GUT_GENOME249529	9772	9772	100.0
GUT_GENOME249529_73___GUT_GENOME249529	9448	9723	97.17165483904144
GUT_GENOME249529_76___GUT_GENOME249529	9050	9107	99.37410782914242
GUT_GENOME249529_77___GUT_GENOME249529	8907	8907	100.0
GUT_GENOME249529_78___GUT_GENOME249529	0	8888	0.0
GUT_GENOME249529_79___GUT_GENOME249529	8881	8881	100.0
GUT_GENOME249529_80___GUT_GENOME249529	8689	8876	97.89319513294276
GUT_GENOME249529_82___GUT_GENOME249529	8675	8675	100.0
GUT_GENOME249529_83___GUT_GENOME249529	0	8673	0.0
GUT_GENOME249529_85___GUT_GENOME249529	0	8349	0.0
GUT_GENOME249529_87___GUT_GENOME249529	8250	8250	100.0
GUT_GENOME249529_89___GUT_GENOME249529	8125	8125	100.0
GUT_GENOME249529_90___GUT_GENOME249529	0	8091	0.0
GUT_GENOME249529_92___GUT_GENOME249529	8012	8012	100.0
GUT_GENOME249529_94___GUT_GENOME249529	7930	7932	99.97478567826525
GUT_GENOME249529_95___GUT_GENOME249529	7919	7919	100.0
GUT_GENOME249529_96___GUT_GENOME249529	7901	7901	100.0
GUT_GENOME249529_100___GUT_GENOME249529	7693	7693	100.0
GUT_GENOME249529_102___GUT_GENOME249529	7371	7371	100.0
GUT_GENOME249529_103___GUT_GENOME249529	0	7282	0.0
GUT_GENOME249529_104___GUT_GENOME249529	7279	7279	100.0
GUT_GENOME249529_105___GUT_GENOME249529	6039	7061	85.52612944342161
GUT_GENOME249529_106___GUT_GENOME249529	7028	7028	100.0
GUT_GENOME249529_107___GUT_GENOME249529	6897	6952	99.20886075949366
GUT_GENOME249529_108___GUT_GENOME249529	6891	6945	99.22246220302375
GUT_GENOME249529_112___GUT_GENOME249529	6514	6581	98.98191764169579
GUT_GENOME249529_113___GUT_GENOME249529	6384	6384	100.0
GUT_GENOME249529_114___GUT_GENOME249529	0	6266	0.0
GUT_GENOME249529_116___GUT_GENOME249529	6158	6158	100.0
GUT_GENOME249529_117___GUT_GENOME249529	6098	6098	100.0
GUT_GENOME249529_118___GUT_GENOME249529	5989	5989	100.0
GUT_GENOME249529_121___GUT_GENOME249529	5329	5418	98.35732742709486
GUT_GENOME249529_123___GUT_GENOME249529	5337	5337	100.0
GUT_GENOME249529_124___GUT_GENOME249529	5273	5325	99.02347417840376
GUT_GENOME249529_125___GUT_GENOME249529	5293	5293	100.0
GUT_GENOME249529_126___GUT_GENOME249529	5214	5214	100.0
GUT_GENOME249529_127___GUT_GENOME249529	5184	5184	100.0
GUT_GENOME252784_1___GUT_GENOME252784	196471	197644	99.40650867215803
GUT_GENOME252784_2___GUT_GENOME252784	137633	137688	99.9600546162338
GUT_GENOME252784_3___GUT_GENOME252784	136603	136715	99.9180777529898
GUT_GENOME252784_4___GUT_GENOME252784	135622	135622	100.0
GUT_GENOME252784_5___GUT_GENOME252784	132290	132399	99.91767309420766
GUT_GENOME252784_7___GUT_GENOME252784	71636	71687	99.92885739394869
GUT_GENOME252784_8___GUT_GENOME252784	70685	70770	99.87989260986294
GUT_GENOME252784_9___GUT_GENOME252784	65138	66677	97.69185776204688
GUT_GENOME252784_10___GUT_GENOME252784	61290	61342	99.91522936976297
GUT_GENOME252784_11___GUT_GENOME252784	57779	57779	100.0
GUT_GENOME252784_12___GUT_GENOME252784	56953	57065	99.80373258564794
GUT_GENOME252784_13___GUT_GENOME252784	35061	54396	64.45510699316127
GUT_GENOME252784_14___GUT_GENOME252784	50913	50964	99.89992936190252
GUT_GENOME252784_15___GUT_GENOME252784	0	47251	0.0
GUT_GENOME252784_17___GUT_GENOME252784	45535	45535	100.0
GUT_GENOME252784_18___GUT_GENOME252784	45047	45104	99.8736253990777
GUT_GENOME252784_19___GUT_GENOME252784	41604	41663	99.85838753810336
GUT_GENOME252784_20___GUT_GENOME252784	40101	40362	99.35335216292552
GUT_GENOME252784_21___GUT_GENOME252784	35791	36490	98.08440668676349
GUT_GENOME252784_22___GUT_GENOME252784	35971	35971	100.0
GUT_GENOME252784_23___GUT_GENOME252784	122	34736	0.35122063565177336
GUT_GENOME252784_24___GUT_GENOME252784	29318	29377	99.79916261020526
GUT_GENOME252784_26___GUT_GENOME252784	28827	28827	100.0
GUT_GENOME252784_27___GUT_GENOME252784	26068	27620	94.38088341781318
GUT_GENOME252784_28___GUT_GENOME252784	26483	26924	98.36205615807458
GUT_GENOME252784_29___GUT_GENOME252784	20042	26832	74.6943947525343
GUT_GENOME252784_30___GUT_GENOME252784	19498	26393	73.875648846285
GUT_GENOME252784_31___GUT_GENOME252784	74	25865	0.28610090856369613
GUT_GENOME252784_33___GUT_GENOME252784	23438	23548	99.53286903346357
GUT_GENOME252784_36___GUT_GENOME252784	0	22096	0.0
GUT_GENOME252784_37___GUT_GENOME252784	13621	19463	69.98407234239326
GUT_GENOME252784_40___GUT_GENOME252784	0	18022	0.0
GUT_GENOME252784_41___GUT_GENOME252784	0	17026	0.0
GUT_GENOME252784_42___GUT_GENOME252784	16737	16844	99.36475896461648
GUT_GENOME252784_43___GUT_GENOME252784	16665	16720	99.67105263157895
GUT_GENOME252784_44___GUT_GENOME252784	0	16663	0.0
GUT_GENOME252784_45___GUT_GENOME252784	14785	15822	93.4458349134117
GUT_GENOME252784_46___GUT_GENOME252784	15499	15554	99.64639321074965
GUT_GENOME252784_47___GUT_GENOME252784	15361	15416	99.64322781525688
GUT_GENOME252784_49___GUT_GENOME252784	0	13564	0.0
GUT_GENOME252784_54___GUT_GENOME252784	11388	11550	98.59740259740259
GUT_GENOME252784_55___GUT_GENOME252784	0	8897	0.0
GUT_GENOME252784_57___GUT_GENOME252784	5058	5058	100.0
GUT_GENOME278258_1___GUT_GENOME278258	188874	198392	95.20242751723859
GUT_GENOME278258_2___GUT_GENOME278258	125414	125414	100.0
GUT_GENOME278258_3___GUT_GENOME278258	119274	119274	100.0
GUT_GENOME278258_4___GUT_GENOME278258	114316	117086	97.63421758365645
GUT_GENOME278258_5___GUT_GENOME278258	94959	96149	98.76233762181614
GUT_GENOME278258_6___GUT_GENOME278258	91206	91206	100.0
GUT_GENOME278258_7___GUT_GENOME278258	83694	89125	93.90631136044881
GUT_GENOME278258_8___GUT_GENOME278258	81555	81555	100.0
GUT_GENOME278258_9___GUT_GENOME278258	69518	69518	100.0
GUT_GENOME278258_10___GUT_GENOME278258	66240	66343	99.84474624300981
GUT_GENOME278258_11___GUT_GENOME278258	59414	59420	99.98990238976776
GUT_GENOME278258_12___GUT_GENOME278258	57936	57936	100.0
GUT_GENOME278258_13___GUT_GENOME278258	53622	53624	99.99627032671938
GUT_GENOME278258_14___GUT_GENOME278258	36511	43350	84.2237600922722
GUT_GENOME278258_16___GUT_GENOME278258	40122	40122	100.0
GUT_GENOME278258_17___GUT_GENOME278258	30753	37823	81.30766993628215
GUT_GENOME278258_18___GUT_GENOME278258	35077	35077	100.0
GUT_GENOME278258_19___GUT_GENOME278258	27913	27913	100.0
GUT_GENOME278258_20___GUT_GENOME278258	26351	26351	100.0
GUT_GENOME278258_21___GUT_GENOME278258	25265	25265	100.0
GUT_GENOME278258_23___GUT_GENOME278258	23308	23309	99.99570981166073
GUT_GENOME278258_24___GUT_GENOME278258	22608	22684	99.6649620878152
GUT_GENOME278258_25___GUT_GENOME278258	21700	21700	100.0
GUT_GENOME278258_26___GUT_GENOME278258	20726	20726	100.0
GUT_GENOME278258_27___GUT_GENOME278258	20581	20581	100.0
GUT_GENOME278258_28___GUT_GENOME278258	19214	19299	99.55956267164102
GUT_GENOME278258_29___GUT_GENOME278258	16913	16913	100.0
GUT_GENOME278258_30___GUT_GENOME278258	13943	14616	95.39545703338807
GUT_GENOME278258_31___GUT_GENOME278258	13845	13845	100.0
GUT_GENOME278258_32___GUT_GENOME278258	208	12080	1.7218543046357615
GUT_GENOME278258_33___GUT_GENOME278258	8248	8302	99.34955432425922
NODE_6817_length_17084_cov_8.381173___KIJ_genome_14221	16980	17084	99.39124326855537
NODE_7246_length_16091_cov_7.996071___KIJ_genome_14221	16091	16091	100.0
NODE_7437_length_15765_cov_8.912985___KIJ_genome_14221	15713	15765	99.67015540754836
NODE_6796_length_17137_cov_8.478574___KIJ_genome_14221	17090	17137	99.72573962770613
NODE_3440_length_31917_cov_7.807576___KIJ_genome_14221	0	31917	0.0
NODE_5816_length_19944_cov_7.574690___KIJ_genome_14221	0	19944	0.0
NODE_2226_length_45485_cov_7.861347___KIJ_genome_14221	45485	45485	100.0
NODE_8800_length_13278_cov_7.093625___KIJ_genome_14221	13171	13278	99.19415574634735
NODE_1441_length_63447_cov_7.547845___KIJ_genome_14221	0	63447	0.0
NODE_524_length_120267_cov_9.442843___KIJ_genome_14221	117621	120267	97.79989523310634
NODE_3098_length_35090_cov_8.114029___KIJ_genome_14221	28147	35090	80.21373610715304
NODE_4657_length_24453_cov_8.463931___KIJ_genome_14221	24369	24453	99.65648386701018
NODE_1294_length_68041_cov_7.906569___KIJ_genome_14221	67932	68041	99.83980247203891
NODE_4250_length_26455_cov_8.727462___KIJ_genome_14221	26404	26455	99.80721980721981
NODE_6902_length_16877_cov_7.866484___KIJ_genome_14221	16824	16877	99.68596314510873
NODE_532_length_119239_cov_8.641613___KIJ_genome_14221	119239	119239	100.0
NODE_11721_length_9797_cov_8.458325___KIJ_genome_14221	9743	9797	99.44881086046749
NODE_17277_length_6331_cov_8.035692___KIJ_genome_14221	6223	6331	98.29410835571
NODE_4035_length_27694_cov_8.522305___KIJ_genome_14221	27642	27694	99.81223369682964
NODE_1656_length_57787_cov_8.663202___KIJ_genome_14221	57787	57787	100.0
NODE_13175_length_8617_cov_7.757066___KIJ_genome_14221	0	8617	0.0
NODE_3116_length_34980_cov_8.877480___KIJ_genome_14221	34980	34980	100.0
NODE_78_length_291322_cov_8.359371___KIJ_genome_14221	291168	291322	99.947137531666
NODE_1674_length_57265_cov_8.231638___KIJ_genome_14221	57212	57265	99.90744783026281
NODE_208_length_189420_cov_9.549542___KIJ_genome_14221	188776	189420	99.660014781966
NODE_5057_length_22679_cov_7.672958___KIJ_genome_14221	22652	22679	99.88094713170774
NODE_1831_length_53027_cov_8.836272___KIJ_genome_14221	45989	53027	86.72751617100722
NODE_4955_length_23127_cov_8.309163___KIJ_genome_14221	23075	23127	99.77515458122541
NODE_8531_length_13753_cov_7.962184___KIJ_genome_14221	13700	13753	99.61462953537409
NODE_1522_length_61371_cov_8.432073___KIJ_genome_14221	61318	61371	99.9136399928305
NODE_343_length_150726_cov_8.503693___KIJ_genome_14221	150593	150726	99.91176041293473
NODE_11482_length_10024_cov_8.111044___KIJ_genome_14221	0	10024	0.0
NODE_5857_length_19800_cov_7.363332___KIJ_genome_14221	19747	19800	99.73232323232322
NODE_1634_length_58505_cov_8.551565___KIJ_genome_14221	58455	58505	99.91453721904111
NODE_8444_length_13904_cov_7.446458___KIJ_genome_14221	13852	13904	99.62600690448792
NODE_3321_length_32976_cov_8.557547___KIJ_genome_14221	32892	32976	99.745269286754
NODE_2524_length_41382_cov_9.167663___KIJ_genome_14221	41218	41382	99.60369242665892
NODE_8234_length_14262_cov_7.386148___KIJ_genome_14221	0	14262	0.0
NODE_7617_length_15422_cov_8.048871___KIJ_genome_14221	15139	15422	98.16495914926729
NODE_8180_length_14362_cov_8.293283___KIJ_genome_14221	0	14362	0.0
NODE_6_length_374159_cov_7.734924___KIJ_genome_23957	328692	374159	87.84821426185124
NODE_15_length_259731_cov_8.755611___KIJ_genome_23957	259731	259731	100.0
NODE_27_length_242727_cov_8.300949___KIJ_genome_23957	242527	242727	99.91760290367367
NODE_67_length_166690_cov_6.944027___KIJ_genome_23957	158605	166690	95.1496790449337
NODE_184_length_109279_cov_8.038233___KIJ_genome_23957	83249	109279	76.18023590991865
NODE_216_length_100841_cov_7.750660___KIJ_genome_23957	100841	100841	100.0
NODE_251_length_93846_cov_7.350012___KIJ_genome_23957	92506	93846	98.57212880676853
NODE_337_length_78164_cov_8.091692___KIJ_genome_23957	78123	78164	99.94754618494449
NODE_349_length_77291_cov_7.614273___KIJ_genome_23957	77141	77291	99.80592824520319
NODE_396_length_71264_cov_7.374531___KIJ_genome_23957	64424	71264	90.40188594521778
NODE_450_length_66746_cov_6.704398___KIJ_genome_23957	0	66746	0.0
NODE_469_length_64755_cov_6.854297___KIJ_genome_23957	0	64755	0.0
NODE_810_length_43930_cov_7.990177___KIJ_genome_23957	43930	43930	100.0
NODE_891_length_40708_cov_6.759181___KIJ_genome_23957	40708	40708	100.0
NODE_963_length_38081_cov_7.729738___KIJ_genome_23957	38081	38081	100.0
NODE_977_length_37553_cov_8.344738___KIJ_genome_23957	37453	37553	99.73370969030438
NODE_989_length_37084_cov_6.794323___KIJ_genome_23957	37084	37084	100.0
NODE_1010_length_36285_cov_6.744079___KIJ_genome_23957	0	36285	0.0
NODE_1056_length_34913_cov_7.262092___KIJ_genome_23957	34913	34913	100.0
NODE_1217_length_31327_cov_6.935469___KIJ_genome_23957	31327	31327	100.0
NODE_2097_length_17912_cov_6.529428___KIJ_genome_23957	17879	17912	99.81576596694953
NODE_30_length_306973_cov_16.382395___KIJ_genome_4392	306873	306973	99.96742384509388
NODE_158_length_178985_cov_17.341866___KIJ_genome_4392	178985	178985	100.0
NODE_370_length_122880_cov_16.913951___KIJ_genome_4392	119028	122880	96.865234375
NODE_404_length_117218_cov_13.911499___KIJ_genome_4392	117060	117218	99.86520841508984
NODE_460_length_110703_cov_15.862754___KIJ_genome_4392	110551	110703	99.86269568123718
NODE_764_length_84230_cov_14.576798___KIJ_genome_4392	77286	84230	91.75590644663421
NODE_808_length_82164_cov_14.887856___KIJ_genome_4392	82111	82164	99.93549486393067
NODE_894_length_78119_cov_14.771406___KIJ_genome_4392	77930	78119	99.75806141911698
NODE_936_length_76107_cov_16.539026___KIJ_genome_4392	76090	76107	99.97766302705402
NODE_954_length_74775_cov_17.388209___KIJ_genome_4392	74775	74775	100.0
NODE_1177_length_65457_cov_15.375203___KIJ_genome_4392	45549	65457	69.5861405197305
NODE_1234_length_63431_cov_13.515574___KIJ_genome_4392	0	63431	0.0
NODE_1393_length_58492_cov_14.755035___KIJ_genome_4392	58442	58492	99.91451822471448
NODE_1708_length_51329_cov_13.310216___KIJ_genome_4392	51254	51329	99.85388376940911
NODE_2147_length_44359_cov_13.827803___KIJ_genome_4392	44355	44359	99.99098266417187
NODE_2258_length_42924_cov_17.269659___KIJ_genome_4392	42924	42924	100.0
NODE_2823_length_36776_cov_14.955584___KIJ_genome_4392	36670	36776	99.71176854470308
NODE_3025_length_34948_cov_15.768005___KIJ_genome_4392	34895	34948	99.84834611422684
NODE_4040_length_27831_cov_14.914855___KIJ_genome_4392	27778	27831	99.80956487370199
NODE_4232_length_26871_cov_15.688917___KIJ_genome_4392	19847	26871	73.86029548583976
NODE_4385_length_25961_cov_12.708137___KIJ_genome_4392	0	25961	0.0
NODE_4391_length_25907_cov_15.210738___KIJ_genome_4392	25808	25907	99.61786389778824
NODE_4685_length_24681_cov_13.990051___KIJ_genome_4392	24627	24681	99.78120821684698
NODE_5043_length_23129_cov_14.715914___KIJ_genome_4392	23075	23129	99.76652687102772
NODE_5587_length_21274_cov_13.236722___KIJ_genome_4392	0	21274	0.0
NODE_6039_length_19943_cov_12.625654___KIJ_genome_4392	0	19943	0.0
NODE_8042_length_15422_cov_16.622763___KIJ_genome_4392	15139	15422	98.16495914926729
NODE_8702_length_14320_cov_13.558570___KIJ_genome_4392	0	14320	0.0
NODE_8724_length_14264_cov_13.464987___KIJ_genome_4392	0	14264	0.0
NODE_9050_length_13753_cov_14.026427___KIJ_genome_4392	13699	13753	99.6073583945321
NODE_12069_length_10204_cov_16.503104___KIJ_genome_4392	9821	10204	96.24656997255978
NODE_12305_length_10024_cov_13.880028___KIJ_genome_4392	0	10024	0.0
NODE_12572_length_9782_cov_13.643569___KIJ_genome_4392	9587	9782	98.00654262931916
NODE_12693_length_9680_cov_15.081247___KIJ_genome_4392	9584	9680	99.00826446280992
NODE_12726_length_9650_cov_16.309745___KIJ_genome_4392	324	9650	3.3575129533678756
NODE_16048_length_7509_cov_15.015025___KIJ_genome_4392	7405	7509	98.61499533892662
NODE_22910_length_5015_cov_14.052016___KIJ_genome_4392	4934	5015	98.38484546360917
